d,c_n,c_bn,days
10/1/2007,5068.950195,7987.5,1
10/3/2007,5210.799805,8097.899902,2
10/4/2007,5208.649902,8035.899902,3
10/5/2007,5185.850098,7845.25,4
10/8/2007,5085.100098,7626.399902,5
10/9/2007,5327.25,7895.850098,6
10/10/2007,5441.450195,8030.649902,7
10/11/2007,5524.850098,8158.799805,8
10/12/2007,5428.25,7934,9
10/15/2007,5670.399902,8286.299805,10
10/16/2007,5668.049805,8452.200195,11
10/17/2007,5559.299805,8099.899902,12
10/18/2007,5351,7608.75,13
10/19/2007,5215.299805,7423.799805,14
10/22/2007,5184,7568,15
10/23/2007,5473.700195,8101.100098,16
10/24/2007,5496.149902,8228.650391,17
10/25/2007,5568.950195,8428.650391,18
10/26/2007,5702.299805,8749.900391,19
10/29/2007,5905.899902,9000.75,20
10/30/2007,5868.75,8934.150391,21
10/31/2007,5900.649902,9013.150391,22
11/1/2007,5866.450195,9198.599609,23
11/2/2007,5932.399902,9560.700195,24
11/5/2007,5847.299805,9397.549805,25
11/6/2007,5786.5,9216.299805,26
11/7/2007,5782.350098,9090.200195,27
11/8/2007,5698.75,8876.25,28
11/12/2007,5617.100098,8758.200195,29
11/13/2007,5695.399902,9060,30
11/14/2007,5937.899902,9613.049805,31
11/15/2007,5912.100098,9454.700195,32
11/16/2007,5906.850098,9474.150391,33
11/19/2007,5907.649902,9396.25,34
11/20/2007,5780.899902,9277.849609,35
11/21/2007,5561.049805,8829.799805,36
11/22/2007,5519.350098,8998.799805,37
11/23/2007,5608.600098,8977.900391,38
11/26/2007,5731.700195,9122.450195,39
11/27/2007,5698.149902,9070.75,40
11/28/2007,5617.549805,8970.849609,41
11/29/2007,5634.600098,9124.400391,42
11/30/2007,5762.75,9375.75,43
12/3/2007,5865,9397.549805,44
12/4/2007,5858.350098,9367.099609,45
12/5/2007,5940,9581.299805,46
12/6/2007,5954.700195,9620.150391,47
12/7/2007,5974.299805,9796.099609,48
12/10/2007,5960.600098,9864.599609,49
12/11/2007,6097.25,10090.700195,50
12/12/2007,6159.299805,10056.700195,51
12/13/2007,6058.100098,9920.450195,52
12/14/2007,6047.700195,9803.150391,53
12/17/2007,5777,9426.700195,54
12/18/2007,5742.299805,9279.200195,55
12/19/2007,5751.149902,9240.349609,56
12/20/2007,5766.5,9245.450195,57
12/24/2007,5985.100098,9563.549805,58
12/26/2007,6070.75,9755.200195,59
12/27/2007,6081.5,9785.049805,60
12/28/2007,6079.700195,9828.349609,61
12/31/2007,6138.600098,9863.450195,62
1/1/2008,6144.350098,9905.25,63
1/2/2008,6179.399902,10250.849609,64
1/3/2008,6178.549805,10100.700195,65
1/4/2008,6274.299805,10233.200195,66
1/7/2008,6279.100098,10391.099609,67
1/8/2008,6287.850098,10355.599609,68
1/9/2008,6272,10306.450195,69
1/10/2008,6156.950195,10266.849609,70
1/11/2008,6200.100098,10561.549805,71
1/14/2008,6206.799805,10698.349609,72
1/15/2008,6074.25,10465.700195,73
1/16/2008,5935.75,10346.950195,74
1/17/2008,5913.200195,10261.5,75
1/18/2008,5705.299805,9739.900391,76
1/21/2008,5208.799805,9038.950195,77
1/22/2008,4899.299805,8682.450195,78
1/23/2008,5203.399902,9259.200195,79
1/24/2008,5033.450195,9133.849609,80
1/25/2008,5383.350098,9752.25,81
1/28/2008,5274.100098,9901.900391,82
1/29/2008,5280.799805,9569.599609,83
1/30/2008,5167.600098,9404.150391,84
1/31/2008,5137.450195,9226.25,85
2/1/2008,5317.25,9327.049805,86
2/4/2008,5463.5,9561.5,87
2/5/2008,5483.899902,9397.799805,88
2/6/2008,5322.549805,9185.650391,89
2/7/2008,5133.25,8960.450195,90
2/8/2008,5120.350098,8817,91
2/11/2008,4857,8419.25,92
2/12/2008,4838.25,8512.349609,93
2/13/2008,4929.450195,8748.75,94
2/14/2008,5202,9125.200195,95
2/15/2008,5302.899902,9380.049805,96
2/18/2008,5276.899902,9404.200195,97
2/19/2008,5280.799805,9423.450195,98
2/20/2008,5154.450195,9129.099609,99
2/21/2008,5191.799805,8946.200195,100
2/22/2008,5110.75,8685.099609,101
2/25/2008,5200.700195,8666.5,102
2/26/2008,5270.049805,8742.25,103
2/27/2008,5268.399902,8719.599609,104
2/28/2008,5285.100098,8608.25,105
2/29/2008,5223.5,8688.349609,106
3/3/2008,4953,8047.450195,107
3/4/2008,4864.25,7736.600098,108
3/5/2008,4921.399902,7588.350098,109
3/7/2008,4771.600098,7268.149902,110
3/10/2008,4800.399902,7272.5,111
3/11/2008,4865.899902,7356.399902,112
3/12/2008,4872,7341.549805,113
3/13/2008,4623.600098,6914.649902,114
3/14/2008,4745.799805,7106,115
3/17/2008,4503.100098,6556.200195,116
3/18/2008,4533,6472.799805,117
3/19/2008,4573.950195,6456.549805,118
3/24/2008,4609.850098,6634.600098,119
3/25/2008,4877.5,7147.149902,120
3/26/2008,4828.850098,7120.899902,121
3/27/2008,4830.25,6969.299805,122
3/28/2008,4942,7037.850098,123
3/31/2008,4734.5,6655,124
4/1/2008,4739.549805,6608.100098,125
4/2/2008,4754.200195,6772.700195,126
4/3/2008,4771.600098,6746.100098,127
4/4/2008,4647,6545.149902,128
4/7/2008,4761.200195,6832.399902,129
4/8/2008,4709.649902,6862.700195,130
4/9/2008,4747.049805,7059.549805,131
4/10/2008,4733,6872.850098,132
4/11/2008,4777.799805,6838.450195,133
4/15/2008,4879.649902,6916.75,134
4/16/2008,4887.299805,6951.899902,135
4/17/2008,4958.399902,7165.049805,136
4/21/2008,5037,7425.450195,137
4/22/2008,5049.299805,7520.899902,138
4/23/2008,5022.799805,7378.049805,139
4/24/2008,4999.850098,7391.899902,140
4/25/2008,5111.700195,7616.299805,141
4/28/2008,5089.649902,7590.049805,142
4/29/2008,5195.5,7737.450195,143
4/30/2008,5165.899902,7629,144
5/2/2008,5228.200195,7871.899902,145
5/5/2008,5192.25,7851.5,146
5/6/2008,5144.649902,7814.549805,147
5/7/2008,5135.5,7743.600098,148
5/8/2008,5081.700195,7518.799805,149
5/9/2008,4982.600098,7299,150
5/12/2008,5012.649902,7330.549805,151
5/13/2008,4957.799805,7340.950195,152
5/14/2008,5011.75,7324.850098,153
5/15/2008,5115.25,7508.149902,154
5/16/2008,5157.700195,7644.600098,155
5/20/2008,5104.950195,7459.200195,156
5/21/2008,5117.649902,7374.25,157
5/22/2008,5025.450195,7147.299805,158
5/23/2008,4946.549805,7009.049805,159
5/26/2008,4875.049805,6767.450195,160
5/27/2008,4859.799805,6593.950195,161
5/28/2008,4918.350098,6780.899902,162
5/29/2008,4835.299805,6576.75,163
5/30/2008,4870.100098,6584.350098,164
6/2/2008,4739.600098,6347.149902,165
6/3/2008,4715.899902,6301.200195,166
6/4/2008,4585.600098,6113.649902,167
6/5/2008,4676.950195,6211.799805,168
6/6/2008,4627.799805,6140.049805,169
6/9/2008,4500.950195,5949.200195,170
6/10/2008,4449.799805,5814.350098,171
6/11/2008,4523.600098,5971.25,172
6/12/2008,4539.350098,5999.350098,173
6/13/2008,4517.100098,5993.149902,174
6/16/2008,4572.5,6127.75,175
6/17/2008,4653,6425.649902,176
6/18/2008,4582.399902,6200.549805,177
6/19/2008,4504.25,5957.25,178
6/20/2008,4347.549805,5758.600098,179
6/23/2008,4266.399902,5593.75,180
6/24/2008,4191.100098,5489.850098,181
6/25/2008,4252.649902,5480.700195,182
6/26/2008,4315.850098,5512.149902,183
6/27/2008,4136.649902,5210.899902,184
6/30/2008,4040.550049,5027.049805,185
7/1/2008,3896.75,4732.850098,186
7/2/2008,4093.350098,5025.75,187
7/3/2008,3925.75,4851.350098,188
7/4/2008,4016,4990.899902,189
7/7/2008,4030,5075.600098,190
7/8/2008,3988.550049,5106.799805,191
7/9/2008,4157.100098,5341.450195,192
7/10/2008,4162.200195,5339,193
7/11/2008,4049,5240.700195,194
7/14/2008,4039.699951,5207.75,195
7/15/2008,3861.100098,4838.950195,196
7/16/2008,3816.699951,4726.450195,197
7/17/2008,3947.199951,5034.75,198
7/18/2008,4092.25,5389.149902,199
7/21/2008,4159.5,5601.5,200
7/22/2008,4240.100098,5793.700195,201
7/23/2008,4476.799805,6343.149902,202
7/24/2008,4433.549805,6213.600098,203
7/25/2008,4311.850098,5917.25,204
7/28/2008,4332.100098,5919.149902,205
7/29/2008,4189.850098,5422.149902,206
7/30/2008,4313.549805,5719.450195,207
7/31/2008,4332.950195,5730.049805,208
8/1/2008,4413.549805,5961.899902,209
8/4/2008,4395.350098,5992.399902,210
8/5/2008,4502.850098,6371.700195,211
8/6/2008,4517.549805,6328.200195,212
8/7/2008,4523.850098,6363.149902,213
8/8/2008,4529.5,6447.5,214
8/11/2008,4620.399902,6723.200195,215
8/12/2008,4552.25,6490.799805,216
8/13/2008,4529.049805,6370.75,217
8/14/2008,4430.700195,6030.049805,218
8/18/2008,4393.049805,6015.049805,219
8/19/2008,4368.25,5992.399902,220
8/20/2008,4415.75,6026.299805,221
8/21/2008,4283.850098,5711.549805,222
8/22/2008,4327.450195,5776.049805,223
8/25/2008,4335.350098,5860.799805,224
8/26/2008,4337.5,5943.200195,225
8/27/2008,4292.100098,5823.549805,226
8/28/2008,4214,5721.149902,227
8/29/2008,4360,6102.049805,228
9/1/2008,4348.649902,6128.850098,229
9/2/2008,4504,6508.899902,230
9/4/2008,4447.75,6494.649902,231
9/5/2008,4352.299805,6288.600098,232
9/8/2008,4482.299805,6538.850098,233
9/9/2008,4468.700195,6441.350098,234
9/10/2008,4400.25,6427.549805,235
9/11/2008,4290.299805,6332.25,236
9/12/2008,4228.450195,6194.149902,237
9/15/2008,4072.899902,5997.649902,238
9/16/2008,4074.899902,6132.950195,239
9/17/2008,4008.25,5912.5,240
9/18/2008,4038.149902,6077.200195,241
9/19/2008,4245.25,6312.049805,242
9/22/2008,4223.049805,6303.899902,243
9/23/2008,4126.899902,6033.350098,244
9/24/2008,4161.25,6109.649902,245
9/25/2008,4110.549805,6080.200195,246
9/26/2008,3985.25,5828.600098,247
9/29/2008,3850.050049,5538.75,248
9/30/2008,3921.199951,5803.549805,249
10/1/2008,3950.75,5982.399902,250
10/3/2008,3818.300049,5793.350098,251
10/6/2008,3602.350098,5560.549805,252
10/7/2008,3606.600098,5457.549805,253
10/8/2008,3513.649902,5222.600098,254
10/10/2008,3279.949951,4938,255
10/13/2008,3490.699951,5496.75,256
10/14/2008,3518.649902,5578.399902,257
10/15/2008,3338.399902,5425.25,258
10/16/2008,3269.300049,5481.649902,259
10/17/2008,3074.350098,5183.549805,260
10/20/2008,3122.800049,5284.200195,261
10/21/2008,3234.899902,5414.5,262
10/22/2008,3065.149902,5095.75,263
10/23/2008,2943.149902,4932.399902,264
10/24/2008,2584,4310.049805,265
10/27/2008,2524.199951,4092.899902,266
10/29/2008,2697.050049,4280.450195,267
10/31/2008,2885.600098,4521.700195,268
11/3/2008,3043.850098,4875.700195,269
11/4/2008,3142.100098,5220.700195,270
11/5/2008,2994.949951,5121.299805,271
11/6/2008,2892.649902,4940,272
11/7/2008,2973,5043.549805,273
11/10/2008,3148.25,5261.149902,274
11/11/2008,2938.649902,4945.700195,275
11/12/2008,2848.449951,4748.149902,276
11/14/2008,2810.350098,4719.399902,277
11/17/2008,2799.550049,4545.299805,278
11/18/2008,2683.149902,4346.75,279
11/19/2008,2635,4233.700195,280
11/20/2008,2553.149902,4086.899902,281
11/21/2008,2693.449951,4300.700195,282
11/24/2008,2708.25,4164.75,283
11/25/2008,2654,4053.199951,284
11/26/2008,2752.25,4267.899902,285
11/28/2008,2755.100098,4291.149902,286
12/1/2008,2682.899902,4124.299805,287
12/2/2008,2657.800049,4099.299805,288
12/3/2008,2656.449951,4220.350098,289
12/4/2008,2788,4446.649902,290
12/5/2008,2714.399902,4357,291
12/8/2008,2784,4429.850098,292
12/10/2008,2928.25,4550.75,293
12/11/2008,2920.149902,4597.149902,294
12/12/2008,2921.350098,4655.299805,295
12/15/2008,2981.199951,4707.5,296
12/16/2008,3041.75,4820.649902,297
12/17/2008,2954.350098,4789.649902,298
12/18/2008,3060.75,5122.950195,299
12/19/2008,3077.5,5144.149902,300
12/22/2008,3039.300049,5036.5,301
12/23/2008,2968.649902,4858.350098,302
12/24/2008,2916.850098,4930.25,303
12/26/2008,2857.25,4789.450195,304
12/29/2008,2922.199951,4953.950195,305
12/30/2008,2979.5,5062.200195,306
12/31/2008,2959.149902,5001.549805,307
1/2/2009,3046.75,5195.100098,308
1/5/2009,3121.449951,5359.399902,309
1/6/2009,3112.800049,5395.299805,310
1/7/2009,2920.399902,4984.549805,311
1/9/2009,2873,4906.700195,312
1/12/2009,2773.100098,4698,313
1/13/2009,2744.949951,4661.700195,314
1/14/2009,2835.300049,4751.100098,315
1/15/2009,2736.699951,4484.649902,316
1/16/2009,2828.449951,4581.25,317
1/19/2009,2846.199951,4542.25,318
1/20/2009,2796.600098,4402.350098,319
1/21/2009,2706.149902,4252.299805,320
1/22/2009,2713.800049,4289.799805,321
1/23/2009,2678.550049,4082.149902,322
1/27/2009,2771.350098,4199.549805,323
1/28/2009,2849.5,4340.100098,324
1/29/2009,2823.949951,4362.049805,325
1/30/2009,2874.800049,4456.549805,326
2/2/2009,2766.649902,4238.149902,327
2/3/2009,2783.899902,4253.799805,328
2/4/2009,2803.050049,4251.200195,329
2/5/2009,2780.050049,4235.350098,330
2/6/2009,2843.100098,4334.149902,331
2/9/2009,2919.899902,4459.5,332
2/10/2009,2934.5,4515.799805,333
2/11/2009,2925.699951,4504.299805,334
2/12/2009,2893.050049,4468.350098,335
2/13/2009,2948.350098,4565.850098,336
2/16/2009,2848.5,4351.450195,337
2/17/2009,2770.5,4164.299805,338
2/18/2009,2776.149902,4077.300049,339
2/19/2009,2789.350098,4059.149902,340
2/20/2009,2736.449951,3934.399902,341
2/24/2009,2733.899902,3878.600098,342
2/25/2009,2762.5,3911.699951,343
2/26/2009,2785.649902,3834.899902,344
2/27/2009,2763.649902,3892.399902,345
3/2/2009,2674.600098,3718.350098,346
3/3/2009,2622.399902,3636.850098,347
3/4/2009,2645.199951,3586.899902,348
3/5/2009,2576.699951,3446.350098,349
3/6/2009,2620.149902,3455.350098,350
3/9/2009,2573.149902,3339.699951,351
3/12/2009,2617.449951,3442.550049,352
3/13/2009,2719.25,3632.75,353
3/16/2009,2777.25,3736.649902,354
3/17/2009,2757.449951,3644.649902,355
3/18/2009,2794.699951,3727.649902,356
3/19/2009,2807.149902,3763.5,357
3/20/2009,2807.050049,3691.699951,358
3/23/2009,2939.899902,3944.75,359
3/24/2009,2938.699951,4008.050049,360
3/25/2009,2984.350098,4126.450195,361
3/26/2009,3082.25,4285.149902,362
3/27/2009,3108.649902,4406.799805,363
3/30/2009,2978.149902,4035.699951,364
3/31/2009,3020.949951,4133.200195,365
4/1/2009,3060.350098,4211.450195,366
4/2/2009,3211.050049,4426.049805,367
4/6/2009,3256.600098,4487.100098,368
4/8/2009,3342.949951,4479.350098,369
4/9/2009,3342.050049,4584.799805,370
4/13/2009,3382.600098,4818,371
4/15/2009,3484.149902,5049.450195,372
4/16/2009,3369.5,4915.75,373
4/17/2009,3384.399902,5056.899902,374
4/20/2009,3377.100098,5009.200195,375
4/21/2009,3365.300049,4853.899902,376
4/22/2009,3330.300049,4813.299805,377
4/23/2009,3423.699951,4968.399902,378
4/24/2009,3480.75,5125.350098,379
4/27/2009,3470,5182.75,380
4/28/2009,3362.350098,4931.299805,381
4/29/2009,3473.949951,5130.950195,382
5/4/2009,3654,5504.049805,383
5/5/2009,3661.899902,5596.200195,384
5/6/2009,3625.050049,5446.450195,385
5/7/2009,3683.899902,5577.299805,386
5/8/2009,3620.699951,5409.75,387
5/11/2009,3554.600098,5343.600098,388
5/12/2009,3681.100098,5585.549805,389
5/13/2009,3635.25,5523.75,390
5/14/2009,3593.449951,5495.100098,391
5/15/2009,3671.649902,5695.049805,392
5/18/2009,4323.149902,6766.549805,393
5/19/2009,4318.450195,7268.200195,394
5/20/2009,4270.299805,7128.600098,395
5/21/2009,4210.899902,6905.049805,396
5/22/2009,4238.5,7036.299805,397
5/25/2009,4237.549805,7049.75,398
5/26/2009,4116.700195,6851.100098,399
5/27/2009,4276.049805,7215.200195,400
5/28/2009,4337.100098,7338.600098,401
5/29/2009,4448.950195,7414.350098,402
6/1/2009,4529.899902,7376,403
6/2/2009,4525.25,7374.549805,404
6/3/2009,4530.700195,7262.299805,405
6/4/2009,4572.649902,7347.350098,406
6/5/2009,4586.899902,7348.399902,407
6/8/2009,4429.899902,6975.049805,408
6/9/2009,4550.950195,7185.75,409
6/10/2009,4655.25,7338.950195,410
6/11/2009,4637.700195,7251.649902,411
6/12/2009,4583.399902,7083.100098,412
6/15/2009,4484,7081.200195,413
6/16/2009,4517.799805,7274.149902,414
6/17/2009,4356.149902,7081.75,415
6/18/2009,4251.399902,7081.149902,416
6/19/2009,4313.600098,7223.549805,417
6/22/2009,4235.25,7229.549805,418
6/23/2009,4247,7091.299805,419
6/24/2009,4292.950195,7107.899902,420
6/25/2009,4241.850098,7123,421
6/26/2009,4375.5,7398.450195,422
6/29/2009,4390.950195,7508.600098,423
6/30/2009,4291.100098,7338.850098,424
7/1/2009,4340.899902,7452.600098,425
7/2/2009,4348.850098,7397.950195,426
7/3/2009,4424.25,7566.049805,427
7/6/2009,4165.700195,6946.450195,428
7/7/2009,4202.149902,6952.600098,429
7/8/2009,4078.899902,6661.75,430
7/9/2009,4080.949951,6672.75,431
7/10/2009,4003.899902,6520.600098,432
7/13/2009,3974.050049,6531.299805,433
7/14/2009,4111.399902,6756.399902,434
7/15/2009,4233.5,6938.700195,435
7/16/2009,4231.399902,6912.399902,436
7/17/2009,4374.950195,7231.049805,437
7/20/2009,4502.25,7530.200195,438
7/21/2009,4469.100098,7430.399902,439
7/22/2009,4398.899902,7329.549805,440
7/23/2009,4523.75,7473.5,441
7/24/2009,4568.549805,7385.549805,442
7/27/2009,4572.299805,7398.649902,443
7/28/2009,4564.100098,7312.549805,444
7/29/2009,4513.5,7224.200195,445
7/30/2009,4571.450195,7389.700195,446
7/31/2009,4636.450195,7544.5,447
8/3/2009,4711.399902,7650.100098,448
8/4/2009,4680.5,7617.799805,449
8/5/2009,4694.149902,7607.5,450
8/6/2009,4585.5,7471.799805,451
8/7/2009,4481.399902,7249.5,452
8/10/2009,4437.649902,7160,453
8/11/2009,4471.350098,7218.25,454
8/12/2009,4457.5,7172.049805,455
8/13/2009,4605,7472.399902,456
8/14/2009,4580.049805,7418.950195,457
8/17/2009,4387.899902,7104.850098,458
8/18/2009,4458.899902,7207.25,459
8/19/2009,4394.100098,7106.700195,460
8/20/2009,4453.450195,7261.200195,461
8/21/2009,4528.799805,7377.100098,462
8/24/2009,4642.799805,7507.399902,463
8/25/2009,4659.350098,7424.5,464
8/26/2009,4680.850098,7418.350098,465
8/27/2009,4688.200195,7385.649902,466
8/28/2009,4732.350098,7482.399902,467
8/31/2009,4662.100098,7431.649902,468
9/1/2009,4625.350098,7377.200195,469
9/2/2009,4608.350098,7339.549805,470
9/3/2009,4593.549805,7351,471
9/4/2009,4680.399902,7444.149902,472
9/7/2009,4782.899902,7650.649902,473
9/8/2009,4805.25,7717.899902,474
9/9/2009,4814.25,7776.200195,475
9/10/2009,4819.399902,7828.299805,476
9/11/2009,4829.549805,7914.950195,477
9/14/2009,4808.600098,7985.600098,478
9/15/2009,4892.100098,8210.700195,479
9/16/2009,4958.399902,8362.799805,480
9/17/2009,4965.549805,8433.349609,481
9/18/2009,4976.049805,8379.25,482
9/22/2009,5020.200195,8452,483
9/23/2009,4969.950195,8423.700195,484
9/24/2009,4986.549805,8545,485
9/25/2009,4958.950195,8456.25,486
9/29/2009,5006.850098,8487.700195,487
9/30/2009,5083.950195,8812.349609,488
10/1/2009,5083.399902,8861.049805,489
10/5/2009,5003.200195,8661.700195,490
10/6/2009,5027.399902,8808.400391,491
10/7/2009,4985.75,8750,492
10/8/2009,5002.25,8834.599609,493
10/9/2009,4945.200195,8696.799805,494
10/12/2009,5054.25,8963.799805,495
10/14/2009,5118.200195,9150,496
10/15/2009,5108.850098,9296.75,497
10/16/2009,5142.149902,9526.700195,498
10/20/2009,5114.450195,9476.400391,499
10/21/2009,5063.600098,9273.049805,500
10/22/2009,4988.600098,9090.099609,501
10/23/2009,4997.049805,9188.400391,502
10/26/2009,4970.899902,9033.849609,503
10/27/2009,4846.700195,8698.799805,504
10/28/2009,4826.149902,8609.099609,505
10/29/2009,4750.549805,8417.849609,506
10/30/2009,4711.700195,8438.599609,507
11/3/2009,4563.899902,8255.450195,508
11/4/2009,4710.799805,8506.75,509
11/5/2009,4765.549805,8537.200195,510
11/6/2009,4796.149902,8723.75,511
11/9/2009,4898.399902,9137.5,512
11/10/2009,4881.700195,9179.5,513
11/11/2009,5003.950195,9337.599609,514
11/12/2009,4952.649902,9084.799805,515
11/13/2009,4998.950195,9155.650391,516
11/16/2009,5058.049805,9266.400391,517
11/17/2009,5062.25,9299.599609,518
11/18/2009,5054.700195,9223.849609,519
11/19/2009,4989,9041.650391,520
11/20/2009,5052.450195,9219.049805,521
11/23/2009,5103.549805,9274.099609,522
11/24/2009,5090.549805,9247.650391,523
11/25/2009,5108.149902,9303.150391,524
11/26/2009,5005.549805,9067.650391,525
11/27/2009,4941.75,8945.049805,526
11/30/2009,5032.700195,9046.950195,527
12/1/2009,5122,9250.950195,528
12/2/2009,5123.25,9327.25,529
12/3/2009,5131.700195,9345.25,530
12/4/2009,5108.899902,9245.049805,531
12/7/2009,5066.700195,9175.599609,532
12/8/2009,5147.950195,9290.099609,533
12/9/2009,5112,9146.349609,534
12/10/2009,5134.649902,9205.650391,535
12/11/2009,5117.299805,9097.200195,536
12/14/2009,5105.700195,8996.75,537
12/15/2009,5033.049805,8734.450195,538
12/16/2009,5042.049805,8667.400391,539
12/17/2009,5041.75,8697.200195,540
12/18/2009,4987.700195,8599.950195,541
12/21/2009,4952.600098,8609.549805,542
12/22/2009,4985.850098,8712.5,543
12/23/2009,5144.600098,8919.049805,544
12/24/2009,5178.399902,8968.099609,545
12/29/2009,5187.950195,8991.900391,546
12/30/2009,5169.450195,8994.599609,547
12/31/2009,5201.049805,9029.5,548
1/4/2010,5232.200195,9112.349609,549
1/5/2010,5277.899902,9192.150391,550
1/6/2010,5281.799805,9223,551
1/7/2010,5263.100098,9192.950195,552
1/8/2010,5244.75,9160.700195,553
1/11/2010,5249.399902,9173.549805,554
1/12/2010,5210.399902,8985.099609,555
1/13/2010,5233.950195,8926.099609,556
1/14/2010,5259.899902,8910.799805,557
1/15/2010,5252.200195,8911.099609,558
1/18/2010,5274.850098,9093.25,559
1/19/2010,5225.649902,9135.900391,560
1/20/2010,5221.700195,9126.349609,561
1/21/2010,5094.149902,8919.299805,562
1/22/2010,5036,8772.650391,563
1/25/2010,5007.899902,8696.599609,564
1/27/2010,4853.100098,8329.799805,565
1/28/2010,4867.25,8423.849609,566
1/29/2010,4882.049805,8651.549805,567
2/1/2010,4899.700195,8649.25,568
2/2/2010,4830.100098,8468.150391,569
2/3/2010,4931.850098,8631.849609,570
2/4/2010,4845.350098,8471.099609,571
2/5/2010,4718.649902,8223.25,572
2/8/2010,4760.399902,8342.200195,573
2/9/2010,4792.649902,8392.450195,574
2/10/2010,4757.200195,8290,575
2/11/2010,4826.850098,8381.400391,576
2/15/2010,4801.950195,8312.700195,577
2/16/2010,4855.75,8397.799805,578
2/17/2010,4914,8551.5,579
2/18/2010,4887.75,8573.900391,580
2/19/2010,4844.899902,8487.099609,581
2/22/2010,4856.399902,8493.349609,582
2/23/2010,4870.049805,8512.950195,583
2/24/2010,4858.600098,8504.549805,584
2/25/2010,4859.75,8537.799805,585
2/26/2010,4922.299805,8722.75,586
3/2/2010,5017,8922.099609,587
3/3/2010,5088.100098,9039.450195,588
3/4/2010,5080.25,9013.799805,589
3/5/2010,5088.700195,9038.450195,590
3/8/2010,5124,9145.950195,591
3/9/2010,5101.5,9138.200195,592
3/10/2010,5116.25,9119.25,593
3/11/2010,5133.399902,9186.849609,594
3/12/2010,5137,9172.900391,595
3/15/2010,5128.899902,9085.5,596
3/16/2010,5198.100098,9102.950195,597
3/17/2010,5231.899902,9188.400391,598
3/18/2010,5245.899902,9252.299805,599
3/19/2010,5262.799805,9270.799805,600
3/22/2010,5205.200195,9186.950195,601
3/23/2010,5225.299805,9222.900391,602
3/25/2010,5260.399902,9318.25,603
3/26/2010,5282,9456.200195,604
3/29/2010,5302.850098,9517.599609,605
3/30/2010,5262.450195,9470.299805,606
3/31/2010,5249.100098,9459.599609,607
4/1/2010,5290.5,9507.75,608
4/5/2010,5368.399902,9698.599609,609
4/6/2010,5366,9728.200195,610
4/7/2010,5374.649902,9681.049805,611
4/8/2010,5304.450195,9520,612
4/9/2010,5361.75,9656.5,613
4/12/2010,5339.700195,9575.450195,614
4/13/2010,5322.950195,9483,615
4/15/2010,5273.600098,9344.599609,616
4/16/2010,5262.600098,9353.75,617
4/19/2010,5203.649902,9302.900391,618
4/20/2010,5230.100098,9446.099609,619
4/21/2010,5244.899902,9555.299805,620
4/22/2010,5269.350098,9623.25,621
4/23/2010,5304.100098,9813.299805,622
4/26/2010,5322.450195,9839.150391,623
4/27/2010,5308.350098,9756.450195,624
4/28/2010,5215.450195,9634.900391,625
4/29/2010,5254.149902,9803.799805,626
4/30/2010,5278,9870.349609,627
5/3/2010,5222.75,9775.5,628
5/4/2010,5148.5,9623.700195,629
5/5/2010,5124.899902,9581.849609,630
5/6/2010,5090.850098,9582,631
5/7/2010,5018.049805,9276.099609,632
5/10/2010,5193.600098,9656.25,633
5/11/2010,5136.149902,9626.099609,634
5/12/2010,5156.649902,9722.200195,635
5/13/2010,5178.899902,9773.349609,636
5/14/2010,5093.5,9589.049805,637
5/17/2010,5059.899902,9526.5,638
5/18/2010,5066.200195,9492.25,639
5/19/2010,4919.649902,9108.349609,640
5/20/2010,4947.600098,9174.599609,641
5/21/2010,4931.149902,9135.700195,642
5/24/2010,4943.950195,9087.25,643
5/25/2010,4806.75,8851.75,644
5/26/2010,4917.399902,9027.599609,645
5/27/2010,5003.100098,9258.450195,646
5/28/2010,5066.549805,9312.599609,647
5/31/2010,5086.299805,9363.700195,648
6/1/2010,4970.200195,9119.049805,649
6/2/2010,5019.850098,9192.450195,650
6/3/2010,5110.5,9387.700195,651
6/4/2010,5135.5,9455.950195,652
6/7/2010,5034,9292.599609,653
6/8/2010,4987.100098,9185.299805,654
6/9/2010,5000.299805,9238.200195,655
6/10/2010,5078.600098,9346.450195,656
6/11/2010,5119.350098,9451.75,657
6/14/2010,5197.700195,9534.099609,658
6/15/2010,5222.350098,9554.400391,659
6/16/2010,5233.350098,9588.900391,660
6/17/2010,5274.850098,9613.400391,661
6/18/2010,5262.600098,9576.25,662
6/21/2010,5353.299805,9758.049805,663
6/22/2010,5316.549805,9675.5,664
6/23/2010,5323.149902,9718.950195,665
6/24/2010,5320.600098,9673.599609,666
6/25/2010,5269.049805,9451.099609,667
6/28/2010,5333.5,9542.200195,668
6/29/2010,5256.149902,9381.400391,669
6/30/2010,5312.5,9464.599609,670
7/1/2010,5251.399902,9349.400391,671
7/2/2010,5237.100098,9357.150391,672
7/5/2010,5235.899902,9385.349609,673
7/6/2010,5289.049805,9550.900391,674
7/7/2010,5241.100098,9449.25,675
7/8/2010,5296.850098,9566.599609,676
7/9/2010,5352.450195,9713.700195,677
7/12/2010,5383,9850.599609,678
7/13/2010,5400.649902,9931.599609,679
7/14/2010,5386.149902,9956.650391,680
7/15/2010,5378.75,9932.099609,681
7/16/2010,5393.899902,10013.450195,682
7/19/2010,5386.450195,10032.5,683
7/20/2010,5368,9976,684
7/21/2010,5399.350098,9992.150391,685
7/22/2010,5441.950195,10060.25,686
7/23/2010,5449.100098,10093.900391,687
7/26/2010,5418.600098,10024,688
7/27/2010,5430.600098,10090.650391,689
7/28/2010,5397.549805,10068.150391,690
7/29/2010,5408.899902,10179.700195,691
7/30/2010,5367.600098,10161,692
8/2/2010,5431.649902,10411.5,693
8/3/2010,5439.549805,10502.650391,694
8/4/2010,5467.850098,10489.299805,695
8/5/2010,5447.100098,10454.900391,696
8/6/2010,5439.25,10383.650391,697
8/9/2010,5486.149902,10524.099609,698
8/10/2010,5460.700195,10519.950195,699
8/11/2010,5420.600098,10428.650391,700
8/12/2010,5416.450195,10583.650391,701
8/13/2010,5452.100098,10737.349609,702
8/16/2010,5418.299805,10680.549805,703
8/17/2010,5414.149902,10770.25,704
8/18/2010,5479.149902,10894.049805,705
8/19/2010,5540.200195,11110.5,706
8/20/2010,5530.649902,11033.75,707
8/23/2010,5543.5,11095.5,708
8/24/2010,5505.100098,11043,709
8/25/2010,5462.350098,10937.849609,710
8/26/2010,5477.899902,10981.700195,711
8/27/2010,5408.700195,10727.450195,712
8/30/2010,5415.450195,10747.25,713
8/31/2010,5402.399902,10746.349609,714
9/1/2010,5471.850098,10879.75,715
9/2/2010,5486.149902,10980.599609,716
9/3/2010,5479.399902,10991.200195,717
9/6/2010,5576.950195,11218.799805,718
9/7/2010,5604,11192.950195,719
9/8/2010,5607.850098,11190.049805,720
9/9/2010,5640.049805,11446.700195,721
9/13/2010,5760,11872.849609,722
9/14/2010,5795.549805,11928.349609,723
9/15/2010,5860.950195,11987.599609,724
9/16/2010,5828.700195,12032.049805,725
9/17/2010,5884.950195,12104.099609,726
9/20/2010,5980.450195,12251.200195,727
9/21/2010,6009.049805,12244.950195,728
9/22/2010,5991,12305.700195,729
9/23/2010,5959.549805,12146.299805,730
9/24/2010,6018.299805,12263.549805,731
9/27/2010,6035.649902,12253.200195,732
9/28/2010,6029.5,12272.400391,733
9/29/2010,5991.299805,12237.549805,734
9/30/2010,6029.950195,12366.349609,735
10/1/2010,6143.399902,12556.75,736
10/4/2010,6159.450195,12651.299805,737
10/5/2010,6145.799805,12596.5,738
10/6/2010,6186.450195,12629.200195,739
10/7/2010,6120.299805,12536.599609,740
10/8/2010,6103.450195,12473.400391,741
10/11/2010,6135.850098,12513,742
10/12/2010,6090.899902,12461.799805,743
10/13/2010,6233.899902,12745,744
10/14/2010,6177.350098,12598.849609,745
10/15/2010,6062.649902,12346.450195,746
10/18/2010,6075.950195,12331.299805,747
10/19/2010,6027.299805,12245.650391,748
10/20/2010,5982.100098,12176.5,749
10/21/2010,6101.5,12435.799805,750
10/22/2010,6066.049805,12384.799805,751
10/25/2010,6105.799805,12424.700195,752
10/26/2010,6082,12332.650391,753
10/27/2010,6012.649902,12182.650391,754
10/28/2010,5987.700195,12105.299805,755
10/29/2010,6017.700195,12330.75,756
11/1/2010,6117.549805,12734.900391,757
11/2/2010,6119,12770.900391,758
11/3/2010,6160.5,12891.799805,759
11/4/2010,6281.799805,13182.900391,760
11/8/2010,6273.200195,13105.099609,761
11/9/2010,6301.549805,13121.349609,762
11/10/2010,6275.700195,13007.099609,763
11/11/2010,6194.25,12823.599609,764
11/12/2010,6071.649902,12457.299805,765
11/15/2010,6121.600098,12762.150391,766
11/16/2010,5988.700195,12524.450195,767
11/18/2010,5998.799805,12315.150391,768
11/19/2010,5890.299805,12062.950195,769
11/22/2010,6010,12390.099609,770
11/23/2010,5934.75,12206.450195,771
11/24/2010,5865.75,11842.549805,772
11/25/2010,5799.75,11652.400391,773
11/26/2010,5751.950195,11668.849609,774
11/29/2010,5830,11828.349609,775
11/30/2010,5862.700195,11952.599609,776
12/1/2010,5960.899902,12310.75,777
12/2/2010,6011.700195,12472.599609,778
12/3/2010,5992.799805,12349.200195,779
12/6/2010,5992.25,12051.200195,780
12/7/2010,5976.549805,11695.299805,781
12/8/2010,5903.700195,11460.200195,782
12/9/2010,5766.5,11116.049805,783
12/10/2010,5857.350098,11447,784
12/13/2010,5907.649902,11518.099609,785
12/14/2010,5944.100098,11560.5,786
12/15/2010,5892.299805,11196.299805,787
12/16/2010,5948.75,11424.150391,788
12/20/2010,5947.049805,11267.099609,789
12/21/2010,6000.649902,11537.25,790
12/22/2010,5984.399902,11467.700195,791
12/23/2010,5980,11469.049805,792
12/24/2010,6011.600098,11477.049805,793
12/27/2010,5998.100098,11470.950195,794
12/28/2010,5996,11427.299805,795
12/29/2010,6060.350098,11612.900391,796
12/30/2010,6101.850098,11629.299805,797
12/31/2010,6134.5,11791.450195,798
1/3/2011,6157.600098,11855.75,799
1/4/2011,6146.350098,11564.049805,800
1/5/2011,6079.799805,11305.450195,801
1/6/2011,6048.25,11186.799805,802
1/7/2011,5904.600098,11053.349609,803
1/10/2011,5762.850098,10700.650391,804
1/11/2011,5754.100098,10833.549805,805
1/12/2011,5863.25,11128.150391,806
1/13/2011,5751.899902,10716.650391,807
1/14/2011,5654.549805,10432.900391,808
1/17/2011,5654.75,10471.099609,809
1/18/2011,5724.049805,10618.5,810
1/19/2011,5691.049805,10615.150391,811
1/20/2011,5711.600098,10798.349609,812
1/21/2011,5696.5,10889.400391,813
1/24/2011,5743.25,11151.150391,814
1/25/2011,5687.399902,10872.950195,815
1/27/2011,5604.299805,10676.150391,816
1/28/2011,5512.149902,10578.25,817
1/31/2011,5505.899902,10641.849609,818
2/1/2011,5417.200195,10481.200195,819
2/2/2011,5432,10470.150391,820
2/3/2011,5526.75,10670.599609,821
2/4/2011,5395.75,10433.849609,822
2/7/2011,5396,10384.049805,823
2/8/2011,5312.549805,10147.75,824
2/9/2011,5253.549805,10116.650391,825
2/10/2011,5225.799805,10074.099609,826
2/11/2011,5310,10447.75,827
2/14/2011,5456,10802.549805,828
2/15/2011,5481,10959.700195,829
2/16/2011,5481.700195,10960.700195,830
2/17/2011,5546.450195,11134.700195,831
2/18/2011,5458.950195,10949.700195,832
2/21/2011,5518.600098,11050.099609,833
2/22/2011,5469.200195,10836.799805,834
2/23/2011,5437.350098,10646.450195,835
2/24/2011,5262.700195,10210.75,836
2/25/2011,5303.549805,10435.849609,837
2/28/2011,5333.25,10435.349609,838
3/1/2011,5522.299805,10885.400391,839
3/3/2011,5536.200195,10914.5,840
3/4/2011,5538.75,10963.400391,841
3/7/2011,5463.149902,10782.25,842
3/8/2011,5520.799805,10931.549805,843
3/9/2011,5531,10974.799805,844
3/10/2011,5494.399902,10850.25,845
3/11/2011,5445.450195,10740.950195,846
3/14/2011,5531.5,10893.25,847
3/15/2011,5449.649902,10725.799805,848
3/16/2011,5511.149902,10957.599609,849
3/17/2011,5446.649902,10851.950195,850
3/18/2011,5373.700195,10715.900391,851
3/21/2011,5364.75,10723.599609,852
3/22/2011,5413.850098,10771.299805,853
3/23/2011,5480.25,10958.099609,854
3/24/2011,5522.399902,11070.349609,855
3/25/2011,5654.25,11387.299805,856
3/28/2011,5687.25,11523.400391,857
3/29/2011,5736.350098,11582.5,858
3/30/2011,5787.649902,11765.200195,859
3/31/2011,5833.75,11705.450195,860
4/1/2011,5826.049805,11590.950195,861
4/4/2011,5908.450195,11804.299805,862
4/5/2011,5910.049805,11798.900391,863
4/6/2011,5891.75,11730.049805,864
4/7/2011,5885.700195,11754.400391,865
4/8/2011,5842,11673.25,866
4/11/2011,5785.700195,11597.799805,867
4/13/2011,5911.5,11839.5,868
4/15/2011,5824.549805,11735.650391,869
4/18/2011,5729.100098,11539.75,870
4/19/2011,5740.75,11586.75,871
4/20/2011,5851.649902,11794.549805,872
4/21/2011,5884.700195,11894.75,873
4/25/2011,5874.5,11879,874
4/26/2011,5868.399902,11867.700195,875
4/27/2011,5833.899902,11779.849609,876
4/28/2011,5785.450195,11684.799805,877
4/29/2011,5749.5,11483.75,878
5/2/2011,5701.299805,11243.799805,879
5/3/2011,5565.25,10898.299805,880
5/4/2011,5537.149902,10913.349609,881
5/5/2011,5459.850098,10730.099609,882
5/6/2011,5551.450195,11145.099609,883
5/9/2011,5551.100098,11076.5,884
5/10/2011,5541.25,11009.400391,885
5/11/2011,5565.049805,11059.049805,886
5/12/2011,5486.149902,10887.450195,887
5/13/2011,5544.75,11020.950195,888
5/16/2011,5499,10912.349609,889
5/17/2011,5438.950195,10668.849609,890
5/18/2011,5420.600098,10599.049805,891
5/19/2011,5428.100098,10558.349609,892
5/20/2011,5486.350098,10664.099609,893
5/23/2011,5386.549805,10368.25,894
5/24/2011,5394.850098,10425.549805,895
5/25/2011,5348.950195,10355.799805,896
5/26/2011,5412.350098,10468.299805,897
5/27/2011,5476.100098,10722.650391,898
5/30/2011,5473.100098,10781.450195,899
6/1/2011,5592,11033.400391,900
6/2/2011,5550.350098,10839.25,901
6/3/2011,5516.75,10782,902
6/6/2011,5532.049805,10854.650391,903
6/7/2011,5556.149902,10873.450195,904
6/8/2011,5526.850098,10791.450195,905
6/9/2011,5521.049805,10785.400391,906
6/10/2011,5485.799805,10714.25,907
6/13/2011,5482.799805,10717.5,908
6/14/2011,5500.5,10803.950195,909
6/15/2011,5447.5,10626.650391,910
6/16/2011,5396.75,10572.150391,911
6/17/2011,5366.399902,10598.25,912
6/20/2011,5257.899902,10484.299805,913
6/21/2011,5275.850098,10459.150391,914
6/22/2011,5278.299805,10475.200195,915
6/23/2011,5320,10526.450195,916
6/24/2011,5471.25,10854.5,917
6/27/2011,5526.600098,11032.5,918
6/28/2011,5545.299805,11054.049805,919
6/29/2011,5600.450195,11153.349609,920
6/30/2011,5647.399902,11244.650391,921
7/1/2011,5627.200195,11255,922
7/4/2011,5650.5,11379.799805,923
7/5/2011,5632.100098,11406.099609,924
7/6/2011,5625.450195,11283.049805,925
7/7/2011,5728.950195,11426.099609,926
7/8/2011,5660.649902,11285.150391,927
7/11/2011,5616.100098,11135.5,928
7/12/2011,5526.149902,11022.549805,929
7/13/2011,5585.450195,11142.25,930
7/15/2011,5581.100098,11234.549805,931
7/18/2011,5567.049805,11228.849609,932
7/19/2011,5613.549805,11313.849609,933
7/20/2011,5567.049805,11164.700195,934
7/21/2011,5541.600098,11049.799805,935
7/22/2011,5633.950195,11291.950195,936
7/25/2011,5680.299805,11391.799805,937
7/26/2011,5574.850098,11114.549805,938
7/27/2011,5546.799805,11000.150391,939
7/28/2011,5487.75,10828.5,940
7/29/2011,5482,10893.650391,941
8/1/2011,5516.799805,10939,942
8/2/2011,5456.549805,10743.299805,943
8/3/2011,5404.799805,10639.549805,944
8/4/2011,5331.799805,10537.049805,945
8/5/2011,5211.25,10354.5,946
8/8/2011,5118.5,10232.299805,947
8/9/2011,5072.850098,10196.549805,948
8/10/2011,5161,10463.200195,949
8/11/2011,5138.299805,10338.799805,950
8/12/2011,5072.950195,10182.700195,951
8/16/2011,5035.799805,10056.400391,952
8/17/2011,5056.600098,9953.200195,953
8/18/2011,4944.149902,9601.5,954
8/19/2011,4845.649902,9404.849609,955
8/22/2011,4898.799805,9407.349609,956
8/23/2011,4948.899902,9488.700195,957
8/24/2011,4888.899902,9331.849609,958
8/25/2011,4839.600098,9177.25,959
8/26/2011,4747.799805,8974.549805,960
8/29/2011,4919.600098,9342.450195,961
8/30/2011,5001,9533.400391,962
9/2/2011,5040,9581.349609,963
9/5/2011,5017.200195,9614.049805,964
9/6/2011,5064.299805,9657.599609,965
9/7/2011,5124.649902,9858.900391,966
9/8/2011,5153.25,9920.049805,967
9/9/2011,5059.450195,9678.700195,968
9/12/2011,4946.799805,9395.25,969
9/13/2011,4940.950195,9339.700195,970
9/14/2011,5012.549805,9472.450195,971
9/15/2011,5075.700195,9660.349609,972
9/16/2011,5084.25,9720.25,973
9/19/2011,5031.950195,9583.549805,974
9/20/2011,5140.200195,9812.700195,975
9/21/2011,5133.25,9929,976
9/22/2011,4923.649902,9520.599609,977
9/23/2011,4867.75,9375.700195,978
9/26/2011,4835.399902,9384.5,979
9/27/2011,4971.25,9619.950195,980
9/28/2011,4945.899902,9512.150391,981
9/29/2011,5015.450195,9653.400391,982
9/30/2011,4943.25,9468.299805,983
10/3/2011,4849.5,9185.900391,984
10/4/2011,4772.149902,8913.349609,985
10/5/2011,4751.299805,8701.299805,986
10/7/2011,4888.049805,9038.25,987
10/10/2011,4979.600098,9168.900391,988
10/11/2011,4974.350098,9178.650391,989
10/12/2011,5099.399902,9482.299805,990
10/13/2011,5077.850098,9591.25,991
10/14/2011,5132.299805,9660.400391,992
10/17/2011,5118.25,9721.299805,993
10/18/2011,5037.5,9583.900391,994
10/19/2011,5139.149902,9841.349609,995
10/20/2011,5091.899902,9746.400391,996
10/21/2011,5049.950195,9695.349609,997
10/24/2011,5098.350098,9647.849609,998
10/25/2011,5191.600098,9511.599609,999
10/28/2011,5360.700195,9917.049805,1000
10/31/2011,5326.600098,9989.650391,1001
11/1/2011,5257.950195,9822.25,1002
11/2/2011,5258.450195,9781.049805,1003
11/3/2011,5265.75,9782.5,1004
11/4/2011,5284.200195,9836.349609,1005
11/8/2011,5289.350098,9852.549805,1006
11/9/2011,5221.049805,9592.650391,1007
11/11/2011,5168.850098,9292.549805,1008
11/14/2011,5148.350098,9275,1009
11/15/2011,5068.5,9085.700195,1010
11/16/2011,5030.450195,9061.549805,1011
11/17/2011,4934.75,8930.900391,1012
11/18/2011,4905.799805,8850.25,1013
11/21/2011,4778.350098,8554.150391,1014
11/22/2011,4812.350098,8611.700195,1015
11/23/2011,4706.450195,8399.299805,1016
11/25/2011,4710.049805,8488.599609,1017
11/28/2011,4851.299805,8793.150391,1018
11/29/2011,4805.100098,8623.900391,1019
11/30/2011,4832.049805,8564.099609,1020
12/1/2011,4936.850098,8895.299805,1021
12/2/2011,5050.149902,9172.75,1022
12/5/2011,5039.149902,9173.75,1023
12/7/2011,5062.600098,9176.25,1024
12/8/2011,4943.649902,8915.700195,1025
12/9/2011,4866.700195,8811.099609,1026
12/12/2011,4764.600098,8543.400391,1027
12/13/2011,4800.600098,8571.950195,1028
12/14/2011,4763.25,8533,1029
12/15/2011,4746.350098,8445.099609,1030
12/16/2011,4651.600098,8171.899902,1031
12/19/2011,4613.100098,7920.75,1032
12/20/2011,4544.200195,7798.549805,1033
12/21/2011,4693.149902,8189.149902,1034
12/22/2011,4733.850098,8384.650391,1035
12/23/2011,4714,8296.450195,1036
12/27/2011,4750.5,8275.5,1037
12/28/2011,4705.799805,8111.399902,1038
12/29/2011,4646.25,8027.399902,1039
12/30/2011,4624.299805,7968.649902,1040
1/3/2012,4765.299805,8340.299805,1041
1/4/2012,4749.649902,8408.400391,1042
1/5/2012,4749.950195,8454.900391,1043
1/6/2012,4754.100098,8488.25,1044
1/9/2012,4742.799805,8481.349609,1045
1/10/2012,4849.549805,8735.049805,1046
1/11/2012,4860.950195,8839.700195,1047
1/12/2012,4831.25,8930.25,1048
1/13/2012,4866,8975.049805,1049
1/16/2012,4873.899902,8940.25,1050
1/17/2012,4967.299805,9056.700195,1051
1/18/2012,4955.799805,9023.400391,1052
1/19/2012,5018.399902,9199.400391,1053
1/20/2012,5048.600098,9516.849609,1054
1/23/2012,5046.25,9520.299805,1055
1/24/2012,5127.350098,9834,1056
1/25/2012,5158.299805,9856.599609,1057
1/27/2012,5204.700195,9813.650391,1058
1/30/2012,5087.299805,9537.099609,1059
1/31/2012,5199.25,9919.450195,1060
2/1/2012,5235.700195,9949.099609,1061
2/2/2012,5269.899902,9992.049805,1062
2/3/2012,5325.850098,10133.650391,1063
2/6/2012,5361.649902,10269.25,1064
2/7/2012,5335.149902,10324.599609,1065
2/8/2012,5368.149902,10320.099609,1066
2/9/2012,5412.350098,10507.599609,1067
2/10/2012,5381.600098,10442.650391,1068
2/13/2012,5390.200195,10473.599609,1069
2/14/2012,5416.049805,10556.650391,1070
2/15/2012,5531.950195,10930.700195,1071
2/16/2012,5521.950195,10921.900391,1072
2/17/2012,5564.299805,11074.900391,1073
2/21/2012,5607.149902,11170.400391,1074
2/22/2012,5505.350098,10747.150391,1075
2/23/2012,5483.299805,10713.349609,1076
2/24/2012,5429.299805,10506.799805,1077
2/27/2012,5281.200195,10103.950195,1078
2/28/2012,5375.5,10484,1079
2/29/2012,5385.200195,10414.200195,1080
3/1/2012,5339.75,10288.900391,1081
3/2/2012,5359.350098,10434.299805,1082
3/5/2012,5280.350098,10178.849609,1083
3/6/2012,5222.399902,10058.150391,1084
3/7/2012,5220.450195,10132.849609,1085
3/9/2012,5333.549805,10505.650391,1086
3/12/2012,5359.549805,10625.650391,1087
3/13/2012,5429.5,10686.200195,1088
3/14/2012,5463.899902,10889.700195,1089
3/15/2012,5380.5,10595,1090
3/16/2012,5317.899902,10391.349609,1091
3/19/2012,5257.049805,10188.849609,1092
3/20/2012,5274.850098,10281.599609,1093
3/21/2012,5364.950195,10524.450195,1094
3/22/2012,5228.450195,10173.549805,1095
3/23/2012,5278.200195,10294.549805,1096
3/26/2012,5184.25,10043.5,1097
3/27/2012,5243.149902,10148.849609,1098
3/28/2012,5194.75,9960.400391,1099
3/29/2012,5178.850098,9927.650391,1100
3/30/2012,5295.549805,10212.75,1101
4/2/2012,5317.899902,10305.349609,1102
4/3/2012,5358.5,10432.599609,1103
4/4/2012,5322.899902,10340.099609,1104
4/9/2012,5234.399902,10131.599609,1105
4/10/2012,5243.600098,10196.049805,1106
4/11/2012,5226.850098,10214.25,1107
4/12/2012,5276.850098,10400.700195,1108
4/13/2012,5207.450195,10306.25,1109
4/16/2012,5226.200195,10432.700195,1110
4/17/2012,5289.700195,10519.549805,1111
4/18/2012,5300,10512.450195,1112
4/19/2012,5332.399902,10567.900391,1113
4/20/2012,5290.850098,10456.5,1114
4/23/2012,5200.600098,10243.150391,1115
4/24/2012,5222.649902,10215.150391,1116
4/25/2012,5202,10159.849609,1117
4/26/2012,5189,10128,1118
4/27/2012,5190.600098,10148.700195,1119
4/30/2012,5248.149902,10276.799805,1120
5/2/2012,5239.149902,10306.599609,1121
5/3/2012,5188.399902,10126.549805,1122
5/4/2012,5086.850098,9802.349609,1123
5/7/2012,5114.149902,9876.349609,1124
5/8/2012,4999.950195,9588.75,1125
5/9/2012,4974.799805,9404.799805,1126
5/10/2012,4965.700195,9410.900391,1127
5/11/2012,4928.899902,9398.099609,1128
5/14/2012,4907.799805,9257.650391,1129
5/15/2012,4942.799805,9319.700195,1130
5/16/2012,4858.25,9164.25,1131
5/17/2012,4870.200195,9154.200195,1132
5/18/2012,4891.450195,9310.25,1133
5/22/2012,4860.5,9268.799805,1134
5/23/2012,4835.649902,9209.900391,1135
5/24/2012,4921.399902,9437.599609,1136
5/25/2012,4920.399902,9456.299805,1137
5/28/2012,4985.649902,9698.299805,1138
5/29/2012,4990.100098,9708.099609,1139
5/30/2012,4950.75,9534.049805,1140
5/31/2012,4924.25,9441,1141
6/1/2012,4841.600098,9267.599609,1142
6/4/2012,4848.149902,9362.299805,1143
6/5/2012,4863.299805,9460.150391,1144
6/6/2012,4997.100098,9742.799805,1145
6/7/2012,5049.649902,9950.900391,1146
6/8/2012,5068.350098,9998.849609,1147
6/11/2012,5054.100098,9969.200195,1148
6/12/2012,5115.899902,10139.200195,1149
6/13/2012,5121.450195,10128.150391,1150
6/14/2012,5054.75,9836.950195,1151
6/15/2012,5139.049805,10064.799805,1152
6/18/2012,5064.25,9749.900391,1153
6/19/2012,5103.850098,9786.450195,1154
6/20/2012,5120.549805,9831.799805,1155
6/21/2012,5165,10033.650391,1156
6/22/2012,5146.049805,10038.349609,1157
6/25/2012,5114.649902,9925.75,1158
6/26/2012,5120.799805,9970.099609,1159
6/27/2012,5141.899902,10017.799805,1160
6/28/2012,5149.149902,10003.849609,1161
6/29/2012,5278.899902,10340.650391,1162
7/2/2012,5278.600098,10412.200195,1163
7/3/2012,5287.950195,10481.299805,1164
7/4/2012,5302.549805,10529.450195,1165
7/5/2012,5327.299805,10641.900391,1166
7/6/2012,5316.950195,10655.349609,1167
7/9/2012,5275.149902,10588.049805,1168
7/10/2012,5345.350098,10751.549805,1169
7/11/2012,5306.299805,10713.299805,1170
7/12/2012,5235.25,10616.299805,1171
7/13/2012,5227.25,10594.450195,1172
7/16/2012,5197.25,10568.200195,1173
7/17/2012,5192.850098,10558.049805,1174
7/18/2012,5216.299805,10607.099609,1175
7/19/2012,5242.700195,10622.049805,1176
7/20/2012,5205.100098,10481.599609,1177
7/23/2012,5117.950195,10274.599609,1178
7/24/2012,5128.200195,10299,1179
7/25/2012,5109.600098,10267.849609,1180
7/26/2012,5043,10083.799805,1181
7/27/2012,5099.850098,10140.549805,1182
7/30/2012,5199.799805,10412.150391,1183
7/31/2012,5229,10384.099609,1184
8/1/2012,5240.5,10419.900391,1185
8/2/2012,5227.75,10379.599609,1186
8/3/2012,5215.700195,10315.599609,1187
8/6/2012,5282.549805,10462.400391,1188
8/7/2012,5336.700195,10591.950195,1189
8/8/2012,5338,10529.25,1190
8/9/2012,5322.950195,10445.900391,1191
8/10/2012,5320.399902,10358.950195,1192
8/13/2012,5347.899902,10401.299805,1193
8/14/2012,5380.350098,10519.150391,1194
8/16/2012,5362.950195,10426.75,1195
8/17/2012,5366.299805,10417.900391,1196
8/21/2012,5421,10469.5,1197
8/22/2012,5412.850098,10472.200195,1198
8/23/2012,5415.350098,10457.700195,1199
8/24/2012,5386.700195,10332.849609,1200
8/27/2012,5350.25,10150.400391,1201
8/29/2012,5287.799805,10011.900391,1202
8/30/2012,5315.049805,10085.200195,1203
8/31/2012,5258.5,9990.5,1204
9/3/2012,5253.75,9963,1205
9/4/2012,5274,10020.650391,1206
9/5/2012,5225.700195,9827.900391,1207
9/6/2012,5238.399902,9893.150391,1208
9/7/2012,5342.100098,10122,1209
9/10/2012,5363.450195,10069.849609,1210
9/11/2012,5390,10135.900391,1211
9/12/2012,5431,10183.450195,1212
9/13/2012,5435.350098,10207.799805,1213
9/14/2012,5577.649902,10642.900391,1214
9/17/2012,5610,10981.650391,1215
9/18/2012,5600.049805,11043.5,1216
9/20/2012,5554.25,10920.799805,1217
9/21/2012,5691.149902,11358.5,1218
9/24/2012,5669.600098,11423.5,1219
9/25/2012,5673.899902,11420.75,1220
9/26/2012,5663.450195,11427.25,1221
9/27/2012,5649.5,11419.450195,1222
9/28/2012,5703.299805,11456.799805,1223
10/1/2012,5718.799805,11420.450195,1224
10/3/2012,5731.25,11414.950195,1225
10/4/2012,5787.600098,11636.049805,1226
10/5/2012,5746.950195,11511.400391,1227
10/8/2012,5676,11362.200195,1228
10/9/2012,5704.600098,11446.099609,1229
10/10/2012,5652.149902,11291.5,1230
10/11/2012,5708.049805,11431.299805,1231
10/12/2012,5676.049805,11388.450195,1232
10/15/2012,5687.25,11441.799805,1233
10/16/2012,5648,11348,1234
10/17/2012,5660.25,11358.25,1235
10/18/2012,5718.700195,11586.349609,1236
10/19/2012,5684.25,11491.200195,1237
10/22/2012,5717.149902,11607.400391,1238
10/23/2012,5691.399902,11578.150391,1239
10/25/2012,5705.299805,11614.5,1240
10/29/2012,5665.600098,11472.150391,1241
10/30/2012,5597.899902,11203,1242
10/31/2012,5619.700195,11268.799805,1243
11/1/2012,5645.049805,11315.049805,1244
11/2/2012,5697.700195,11460.450195,1245
11/5/2012,5704.200195,11475.150391,1246
11/6/2012,5724.399902,11539.049805,1247
11/7/2012,5760.100098,11665.5,1248
11/8/2012,5738.75,11613.549805,1249
11/9/2012,5686.25,11475.599609,1250
11/12/2012,5683.700195,11583.849609,1251
11/15/2012,5631,11521.400391,1252
11/16/2012,5574.049805,11335.5,1253
11/19/2012,5571.399902,11306.950195,1254
11/20/2012,5571.549805,11318.299805,1255
11/21/2012,5614.799805,11465.349609,1256
11/22/2012,5627.75,11508.349609,1257
11/23/2012,5626.600098,11475.799805,1258
11/26/2012,5635.899902,11432.450195,1259
11/27/2012,5727.450195,11657.400391,1260
11/29/2012,5825,11992.799805,1261
11/30/2012,5879.850098,12158.900391,1262
12/3/2012,5870.950195,12103.900391,1263
12/4/2012,5889.25,12197.150391,1264
12/5/2012,5900.5,12281.599609,1265
12/6/2012,5930.899902,12427.549805,1266
12/7/2012,5907.399902,12363.700195,1267
12/10/2012,5908.899902,12381.650391,1268
12/11/2012,5898.799805,12344.599609,1269
12/12/2012,5888,12301.700195,1270
12/13/2012,5851.5,12269.150391,1271
12/14/2012,5879.600098,12424.700195,1272
12/17/2012,5857.899902,12427.450195,1273
12/18/2012,5896.799805,12477.150391,1274
12/19/2012,5929.600098,12510.25,1275
12/20/2012,5916.399902,12486.5,1276
12/21/2012,5847.700195,12315.049805,1277
12/24/2012,5855.75,12317.700195,1278
12/26/2012,5905.600098,12479.450195,1279
12/27/2012,5870.100098,12459.700195,1280
12/28/2012,5908.350098,12458.150391,1281
12/31/2012,5905.100098,12474.25,1282
1/2/2013,5993.25,12786.849609,1283
1/3/2013,6009.5,12778.150391,1284
1/4/2013,6016.149902,12787.349609,1285
1/7/2013,5988.399902,12708.700195,1286
1/8/2013,6001.700195,12725.5,1287
1/9/2013,5971.5,12718,1288
1/10/2013,5968.649902,12802.25,1289
1/11/2013,5951.299805,12617.849609,1290
1/14/2013,6024.049805,12758.75,1291
1/15/2013,6056.600098,12855.400391,1292
1/16/2013,6001.850098,12638.5,1293
1/17/2013,6039.200195,12649.599609,1294
1/18/2013,6064.399902,12680,1295
1/21/2013,6082.299805,12651.349609,1296
1/22/2013,6048.5,12574.349609,1297
1/23/2013,6054.299805,12635.200195,1298
1/24/2013,6019.350098,12561.400391,1299
1/25/2013,6074.649902,12693.25,1300
1/28/2013,6074.799805,12781.349609,1301
1/29/2013,6049.899902,12722.799805,1302
1/30/2013,6055.75,12767.5,1303
1/31/2013,6034.75,12708.599609,1304
2/1/2013,5998.899902,12606.25,1305
2/4/2013,5987.25,12548.349609,1306
2/5/2013,5956.899902,12467.75,1307
2/6/2013,5959.200195,12417.700195,1308
2/7/2013,5938.799805,12349.299805,1309
2/8/2013,5903.5,12280.150391,1310
2/11/2013,5897.850098,12333,1311
2/12/2013,5922.5,12405.25,1312
2/13/2013,5932.950195,12385.099609,1313
2/14/2013,5896.950195,12311.299805,1314
2/15/2013,5887.399902,12336.549805,1315
2/18/2013,5898.200195,12347.200195,1316
2/19/2013,5939.700195,12413.650391,1317
2/20/2013,5943.049805,12363.700195,1318
2/21/2013,5852.25,12055.5,1319
2/22/2013,5850.299805,12068.950195,1320
2/25/2013,5854.75,12037.299805,1321
2/26/2013,5761.350098,11844.849609,1322
2/27/2013,5796.899902,11930.5,1323
2/28/2013,5693.049805,11487.349609,1324
3/1/2013,5719.700195,11540.049805,1325
3/4/2013,5698.5,11575.599609,1326
3/5/2013,5784.25,11792.049805,1327
3/6/2013,5818.600098,11876.200195,1328
3/7/2013,5863.299805,11970.25,1329
3/8/2013,5945.700195,12197.25,1330
3/11/2013,5942.350098,12165.400391,1331
3/12/2013,5914.100098,12054.5,1332
3/13/2013,5851.200195,11777.5,1333
3/14/2013,5908.950195,12020.75,1334
3/15/2013,5872.600098,11816.549805,1335
3/18/2013,5835.25,11735.5,1336
3/19/2013,5745.950195,11508.049805,1337
3/20/2013,5694.399902,11254.849609,1338
3/21/2013,5658.75,11238.349609,1339
3/22/2013,5651.350098,11204.049805,1340
3/25/2013,5633.850098,11125.650391,1341
3/26/2013,5641.600098,11163.450195,1342
3/28/2013,5682.549805,11361.849609,1343
4/1/2013,5704.399902,11425.549805,1344
4/2/2013,5748.100098,11523.400391,1345
4/3/2013,5672.899902,11344.099609,1346
4/4/2013,5574.75,11126.25,1347
4/5/2013,5553.25,11098.950195,1348
4/8/2013,5542.950195,11012.650391,1349
4/9/2013,5495.100098,10929.150391,1350
4/10/2013,5558.700195,11122.25,1351
4/11/2013,5594,11306.5,1352
4/12/2013,5528.549805,11410.099609,1353
4/15/2013,5568.399902,11526.25,1354
4/16/2013,5688.950195,11871.599609,1355
4/17/2013,5688.700195,11981.049805,1356
4/18/2013,5783.100098,12288.25,1357
4/22/2013,5834.399902,12576.200195,1358
4/23/2013,5836.899902,12543.400391,1359
4/25/2013,5916.299805,12726.849609,1360
4/26/2013,5871.450195,12533.150391,1361
4/29/2013,5904.100098,12609.150391,1362
4/30/2013,5930.200195,12561.549805,1363
5/2/2013,5999.350098,12709.950195,1364
5/3/2013,5944,12393.599609,1365
5/6/2013,5971.049805,12396.400391,1366
5/7/2013,6043.549805,12631.5,1367
5/8/2013,6069.299805,12643.049805,1368
5/9/2013,6050.149902,12596.299805,1369
5/10/2013,6094.75,12752.299805,1370
5/13/2013,5980.450195,12568.849609,1371
5/14/2013,5995.399902,12583.599609,1372
5/15/2013,6146.75,13077.900391,1373
5/16/2013,6169.899902,13239.450195,1374
5/17/2013,6187.299805,13317.099609,1375
5/20/2013,6156.899902,13181.5,1376
5/21/2013,6114.100098,13066.5,1377
5/22/2013,6094.5,13008.25,1378
5/23/2013,5967.049805,12636.5,1379
5/24/2013,5983.549805,12769.349609,1380
5/27/2013,6083.149902,12961.549805,1381
5/28/2013,6111.25,12950,1382
5/29/2013,6104.299805,12853.200195,1383
5/30/2013,6124.049805,12805.900391,1384
5/31/2013,5985.950195,12475.650391,1385
6/3/2013,5939.299805,12402.099609,1386
6/4/2013,5919.450195,12275.099609,1387
6/5/2013,5923.850098,12289.349609,1388
6/6/2013,5921.399902,12398.400391,1389
6/7/2013,5881,12231.5,1390
6/10/2013,5878,12087.049805,1391
6/11/2013,5788.799805,11820.5,1392
6/12/2013,5760.200195,11814.849609,1393
6/13/2013,5699.100098,11686.75,1394
6/14/2013,5808.399902,11922.849609,1395
6/17/2013,5850.049805,11971.049805,1396
6/18/2013,5813.600098,11820.950195,1397
6/19/2013,5822.25,11852.650391,1398
6/20/2013,5655.899902,11375.400391,1399
6/21/2013,5667.649902,11340.150391,1400
6/24/2013,5590.25,11178.299805,1401
6/25/2013,5609.100098,11181.049805,1402
6/26/2013,5588.700195,11066.549805,1403
6/27/2013,5682.350098,11235.75,1404
6/28/2013,5842.200195,11617.25,1405
7/1/2013,5898.850098,11714.900391,1406
7/2/2013,5857.549805,11614.25,1407
7/3/2013,5770.899902,11357.799805,1408
7/4/2013,5836.950195,11381.200195,1409
7/5/2013,5867.899902,11434.299805,1410
7/8/2013,5811.549805,11283.299805,1411
7/9/2013,5859,11442.450195,1412
7/10/2013,5816.700195,11364.450195,1413
7/11/2013,5935.100098,11655.299805,1414
7/12/2013,6009,11722.799805,1415
7/15/2013,6030.799805,11790.25,1416
7/16/2013,5955.25,11226.150391,1417
7/17/2013,5973.299805,10971.599609,1418
7/18/2013,6038.049805,11187.700195,1419
7/19/2013,6029.200195,10973.900391,1420
7/22/2013,6031.799805,11086.950195,1421
7/23/2013,6077.799805,11239.700195,1422
7/24/2013,5990.5,10720.150391,1423
7/25/2013,5907.5,10614,1424
7/26/2013,5886.200195,10465.25,1425
7/29/2013,5831.649902,10331,1426
7/30/2013,5755.049805,10209.549805,1427
7/31/2013,5742,10015.75,1428
8/1/2013,5727.850098,10142.950195,1429
8/2/2013,5677.899902,9997.799805,1430
8/5/2013,5685.399902,10094.900391,1431
8/6/2013,5542.25,9703.099609,1432
8/7/2013,5519.100098,9757.25,1433
8/8/2013,5565.649902,9816.400391,1434
8/12/2013,5612.399902,9711.400391,1435
8/13/2013,5699.299805,9985.650391,1436
8/14/2013,5742.299805,10026.400391,1437
8/16/2013,5507.850098,9450.849609,1438
8/19/2013,5414.75,9145,1439
8/20/2013,5401.450195,9218.950195,1440
8/21/2013,5302.549805,9264.400391,1441
8/22/2013,5408.450195,9268.900391,1442
8/23/2013,5471.75,9470.099609,1443
8/26/2013,5476.5,9373.549805,1444
8/27/2013,5287.450195,8870.5,1445
8/28/2013,5285,8760.849609,1446
8/29/2013,5409.049805,8904.599609,1447
8/30/2013,5471.799805,9049.200195,1448
9/2/2013,5550.75,9139.5,1449
9/3/2013,5341.450195,8664.200195,1450
9/4/2013,5448.100098,8845.75,1451
9/5/2013,5592.950195,9682.400391,1452
9/6/2013,5680.399902,9961.400391,1453
9/10/2013,5896.75,10188.25,1454
9/11/2013,5913.149902,10369.099609,1455
9/12/2013,5850.700195,10158.549805,1456
9/13/2013,5850.600098,10180.450195,1457
9/16/2013,5840.549805,10368.400391,1458
9/17/2013,5850.200195,10279.599609,1459
9/18/2013,5899.450195,10447.849609,1460
9/19/2013,6115.549805,11148.650391,1461
9/20/2013,6012.100098,10686.799805,1462
9/23/2013,5889.75,10211.700195,1463
9/24/2013,5892.450195,10175.900391,1464
9/25/2013,5873.850098,10081.700195,1465
9/26/2013,5882.25,10098.25,1466
9/27/2013,5833.200195,9899.75,1467
9/30/2013,5735.299805,9617.799805,1468
10/1/2013,5780.049805,9883.299805,1469
10/3/2013,5909.700195,10222.950195,1470
10/4/2013,5907.299805,10197.150391,1471
10/7/2013,5906.149902,10082.099609,1472
10/8/2013,5928.399902,10141.450195,1473
10/9/2013,6007.450195,10334.950195,1474
10/10/2013,6020.950195,10288.950195,1475
10/11/2013,6096.200195,10622.150391,1476
10/14/2013,6112.700195,10665.25,1477
10/15/2013,6089.049805,10389.25,1478
10/17/2013,6045.850098,10336.549805,1479
10/18/2013,6189.350098,10744.900391,1480
10/21/2013,6204.950195,10797.549805,1481
10/22/2013,6202.799805,10809.099609,1482
10/23/2013,6178.350098,10880.650391,1483
10/24/2013,6164.350098,10902.450195,1484
10/25/2013,6144.899902,10896.5,1485
10/28/2013,6101.100098,10773.200195,1486
10/29/2013,6220.899902,11241.650391,1487
10/30/2013,6251.700195,11249.349609,1488
10/31/2013,6299.149902,11473.150391,1489
11/1/2013,6307.200195,11628.650391,1490
11/5/2013,6253.149902,11498.900391,1491
11/6/2013,6215.149902,11292.549805,1492
11/7/2013,6187.25,11054.900391,1493
11/8/2013,6140.75,10913.150391,1494
11/11/2013,6078.799805,10758.450195,1495
11/12/2013,6018.049805,10583.049805,1496
11/13/2013,5989.600098,10523.349609,1497
11/14/2013,6056.149902,10811.200195,1498
11/18/2013,6189,11142.299805,1499
11/19/2013,6203.350098,11187.849609,1500
11/20/2013,6122.899902,10967.150391,1501
11/21/2013,5999.049805,10706.900391,1502
11/22/2013,5995.450195,10677.349609,1503
11/25/2013,6115.350098,11083.400391,1504
11/26/2013,6059.100098,10909.349609,1505
11/27/2013,6057.100098,10899.299805,1506
11/28/2013,6091.850098,10906.75,1507
11/29/2013,6176.100098,11153.950195,1508
12/2/2013,6217.850098,11284.349609,1509
12/3/2013,6201.850098,11211.299805,1510
12/4/2013,6160.950195,11156.75,1511
12/5/2013,6241.100098,11665.099609,1512
12/6/2013,6259.899902,11720.200195,1513
12/9/2013,6363.899902,12065.900391,1514
12/10/2013,6332.850098,11843.450195,1515
12/11/2013,6307.899902,11784.349609,1516
12/12/2013,6237.049805,11635.5,1517
12/13/2013,6168.399902,11366.900391,1518
12/16/2013,6154.700195,11372.950195,1519
12/17/2013,6139.049805,11208.650391,1520
12/18/2013,6217.149902,11357.900391,1521
12/19/2013,6166.649902,11087.450195,1522
12/20/2013,6274.25,11292.349609,1523
12/23/2013,6284.5,11378.5,1524
12/24/2013,6268.399902,11330.650391,1525
12/26/2013,6278.899902,11385.75,1526
12/27/2013,6313.799805,11459.700195,1527
12/30/2013,6291.100098,11376,1528
12/31/2013,6304,11385.25,1529
1/2/2014,6221.149902,11183.200195,1530
1/3/2014,6211.149902,11181.650391,1531
1/6/2014,6191.450195,11049.049805,1532
1/7/2014,6162.25,11036.75,1533
1/8/2014,6174.600098,11053.700195,1534
1/9/2014,6168.350098,10970.450195,1535
1/10/2014,6171.450195,10805.299805,1536
1/13/2014,6272.75,11021.599609,1537
1/14/2014,6241.850098,10948.900391,1538
1/15/2014,6320.899902,11125.400391,1539
1/16/2014,6318.899902,11092.549805,1540
1/17/2014,6261.649902,10911.349609,1541
1/20/2014,6303.950195,11007.5,1542
1/21/2014,6313.799805,11171.5,1543
1/22/2014,6338.950195,11207.349609,1544
1/23/2014,6345.649902,11199,1545
1/24/2014,6266.75,10982.400391,1546
1/27/2014,6135.850098,10540.400391,1547
1/28/2014,6126.25,10507.599609,1548
1/29/2014,6120.25,10437.75,1549
1/30/2014,6073.700195,10153.150391,1550
1/31/2014,6089.5,10237.75,1551
2/3/2014,6001.799805,10102.099609,1552
2/4/2014,6000.899902,10191.200195,1553
2/5/2014,6022.399902,10231.650391,1554
2/6/2014,6036.299805,10205.200195,1555
2/7/2014,6063.200195,10263.200195,1556
2/10/2014,6053.450195,10213.900391,1557
2/11/2014,6062.700195,10245.450195,1558
2/12/2014,6084,10348.799805,1559
2/13/2014,6001.100098,10135.700195,1560
2/14/2014,6048.350098,10203.75,1561
2/18/2014,6127.100098,10575.200195,1562
2/19/2014,6152.75,10609.599609,1563
2/20/2014,6091.450195,10428.299805,1564
2/21/2014,6155.450195,10554.349609,1565
2/24/2014,6186.100098,10683.5,1566
2/25/2014,6200.049805,10666.75,1567
2/26/2014,6238.799805,10730.400391,1568
2/28/2014,6276.950195,10764.700195,1569
3/3/2014,6221.450195,10651.950195,1570
3/4/2014,6297.950195,10929.049805,1571
3/5/2014,6328.649902,11098.799805,1572
3/6/2014,6401.149902,11278.349609,1573
3/7/2014,6526.649902,11884.75,1574
3/10/2014,6537.25,12108.099609,1575
3/11/2014,6511.899902,12043.150391,1576
3/12/2014,6516.899902,12024.099609,1577
3/13/2014,6493.100098,12141.450195,1578
3/14/2014,6504.200195,12055.849609,1579
3/18/2014,6516.649902,12114.849609,1580
3/19/2014,6524.049805,12186.549805,1581
3/20/2014,6483.100098,12017.25,1582
3/21/2014,6493.200195,12092.349609,1583
3/24/2014,6583.5,12408.150391,1584
3/25/2014,6589.75,12450,1585
3/26/2014,6601.399902,12518.349609,1586
3/27/2014,6641.75,12604.950195,1587
3/28/2014,6695.899902,12754.700195,1588
3/31/2014,6704.200195,12742.049805,1589
4/1/2014,6721.049805,12588.5,1590
4/2/2014,6752.549805,12715.299805,1591
4/3/2014,6736.100098,12563.849609,1592
4/4/2014,6694.350098,12551.700195,1593
4/7/2014,6695.049805,12506.450195,1594
4/9/2014,6796.200195,12937.400391,1595
4/10/2014,6796.399902,12949.400391,1596
4/11/2014,6776.299805,12840.200195,1597
4/15/2014,6733.100098,12579.900391,1598
4/16/2014,6675.299805,12563.150391,1599
4/17/2014,6779.399902,12787.25,1600
4/21/2014,6817.649902,12958.5,1601
4/22/2014,6815.350098,12987.099609,1602
4/23/2014,6840.799805,13122.099609,1603
4/25/2014,6782.75,13034.5,1604
4/28/2014,6761.25,13081.549805,1605
4/29/2014,6715.25,12910.549805,1606
4/30/2014,6696.399902,12855.849609,1607
5/2/2014,6694.799805,12842,1608
5/5/2014,6699.350098,12880.650391,1609
5/6/2014,6715.299805,12966.049805,1610
5/7/2014,6652.549805,12938.200195,1611
5/8/2014,6659.850098,13037.400391,1612
5/9/2014,6858.799805,13750.5,1613
5/12/2014,7014.25,14085.049805,1614
5/13/2014,7108.75,14165.549805,1615
5/14/2014,7108.75,14207.099609,1616
5/15/2014,7123.149902,14236.549805,1617
5/16/2014,7203,14853,1618
5/19/2014,7263.549805,15222.150391,1619
5/20/2014,7275.5,15111.200195,1620
5/21/2014,7252.899902,14952.099609,1621
5/22/2014,7276.399902,15055.549805,1622
5/23/2014,7367.100098,15285.5,1623
5/26/2014,7359.049805,15175.900391,1624
5/27/2014,7318,15084,1625
5/28/2014,7329.649902,15173.349609,1626
5/29/2014,7235.649902,15030.299805,1627
5/30/2014,7229.950195,14793.400391,1628
6/2/2014,7362.5,15287.25,1629
6/3/2014,7415.850098,15257.5,1630
6/4/2014,7402.25,15333.400391,1631
6/5/2014,7474.100098,15282.150391,1632
6/6/2014,7583.399902,15543.150391,1633
6/9/2014,7654.600098,15567.400391,1634
6/10/2014,7656.399902,15427.799805,1635
6/11/2014,7626.850098,15450.549805,1636
6/12/2014,7649.899902,15464.849609,1637
6/13/2014,7542.100098,15106.900391,1638
6/16/2014,7533.549805,15030,1639
6/17/2014,7631.700195,15373.200195,1640
6/18/2014,7558.200195,15220.400391,1641
6/19/2014,7540.700195,15067.400391,1642
6/20/2014,7511.450195,14997.650391,1643
6/23/2014,7493.350098,15076.349609,1644
6/24/2014,7580.200195,15309.5,1645
6/25/2014,7569.25,15237.849609,1646
6/26/2014,7493.200195,15050,1647
6/27/2014,7508.799805,14992.349609,1648
6/30/2014,7611.350098,15241.900391,1649
7/1/2014,7634.700195,15321.349609,1650
7/2/2014,7725.149902,15490.349609,1651
7/3/2014,7714.799805,15451.650391,1652
7/4/2014,7751.600098,15556.150391,1653
7/7/2014,7787.149902,15367.599609,1654
7/8/2014,7623.200195,14997.5,1655
7/9/2014,7585,14931.099609,1656
7/10/2014,7567.75,14821.700195,1657
7/11/2014,7459.600098,14447.200195,1658
7/14/2014,7454.149902,14489.75,1659
7/15/2014,7526.649902,14891.900391,1660
7/16/2014,7624.399902,15265.450195,1661
7/17/2014,7640.450195,15269.049805,1662
7/18/2014,7663.899902,15389.349609,1663
7/21/2014,7684.200195,15385.950195,1664
7/22/2014,7767.850098,15427.349609,1665
7/23/2014,7795.75,15463,1666
7/24/2014,7830.600098,15534.349609,1667
7/25/2014,7790.450195,15322.25,1668
7/28/2014,7748.700195,15212.150391,1669
7/30/2014,7791.399902,15452.400391,1670
7/31/2014,7721.299805,15267.599609,1671
8/1/2014,7602.600098,15127.799805,1672
8/4/2014,7683.649902,15242.349609,1673
8/5/2014,7746.549805,15293.25,1674
8/6/2014,7672.049805,15008.650391,1675
8/7/2014,7649.25,14986.849609,1676
8/8/2014,7568.549805,14765.75,1677
8/11/2014,7625.950195,14846.799805,1678
8/12/2014,7727.049805,15056.700195,1679
8/13/2014,7739.549805,14910.900391,1680
8/14/2014,7791.700195,15089.650391,1681
8/18/2014,7874.25,15439.75,1682
8/19/2014,7897.5,15524.650391,1683
8/20/2014,7875.299805,15481.700195,1684
8/21/2014,7891.100098,15662.200195,1685
8/22/2014,7913.200195,15819.150391,1686
8/25/2014,7906.299805,15669,1687
8/26/2014,7904.75,15624.099609,1688
8/27/2014,7936.049805,15717.650391,1689
8/28/2014,7954.350098,15740.400391,1690
9/1/2014,8027.700195,16012.799805,1691
9/2/2014,8083.049805,16130.549805,1692
9/3/2014,8114.600098,16110,1693
9/4/2014,8095.950195,16033.549805,1694
9/5/2014,8086.850098,15982.5,1695
9/8/2014,8173.899902,16206.700195,1696
9/9/2014,8152.950195,16156.75,1697
9/10/2014,8094.100098,16151.75,1698
9/11/2014,8085.700195,16204.150391,1699
9/12/2014,8105.5,16254.150391,1700
9/15/2014,8042,16167.549805,1701
9/16/2014,7932.899902,15844.099609,1702
9/17/2014,7975.5,15838.599609,1703
9/18/2014,8114.75,16156.849609,1704
9/19/2014,8121.450195,16152.150391,1705
9/22/2014,8146.299805,16194.549805,1706
9/23/2014,8017.549805,15902.849609,1707
9/24/2014,8002.399902,15740.299805,1708
9/25/2014,7911.850098,15299.049805,1709
9/26/2014,7968.850098,15607.25,1710
9/29/2014,7958.899902,15473.549805,1711
9/30/2014,7964.799805,15392.25,1712
10/1/2014,7945.549805,15316.200195,1713
10/7/2014,7852.399902,15180.25,1714
10/8/2014,7842.700195,15344,1715
10/9/2014,7960.549805,15741.200195,1716
10/10/2014,7859.950195,15453.799805,1717
10/13/2014,7884.25,15677.5,1718
10/14/2014,7864,15751.549805,1719
10/16/2014,7748.200195,15541.599609,1720
10/17/2014,7779.700195,15929.799805,1721
10/20/2014,7879.399902,16216.599609,1722
10/21/2014,7927.75,16427.25,1723
10/22/2014,7995.899902,16444.699219,1724
10/27/2014,7991.700195,16556.599609,1725
10/28/2014,8027.600098,16667,1726
10/29/2014,8090.450195,16634.050781,1727
10/30/2014,8169.200195,16760.050781,1728
10/31/2014,8322.200195,17045.050781,1729
11/3/2014,8324.150391,17134.099609,1730
11/5/2014,8338.299805,17352.949219,1731
11/7/2014,8337,17347.050781,1732
11/10/2014,8344.25,17262.400391,1733
11/11/2014,8362.650391,17390.199219,1734
11/12/2014,8383.299805,17587.050781,1735
11/13/2014,8357.849609,17453,1736
11/14/2014,8389.900391,17576.800781,1737
11/17/2014,8430.75,17640.400391,1738
11/18/2014,8425.900391,17702.550781,1739
11/19/2014,8382.299805,17585.650391,1740
11/20/2014,8401.900391,17645.050781,1741
11/21/2014,8477.349609,18056.300781,1742
11/24/2014,8530.150391,18281.949219,1743
11/25/2014,8463.099609,18037.050781,1744
11/26/2014,8475.75,17975.949219,1745
11/27/2014,8494.200195,18022.5,1746
11/28/2014,8588.25,18513.150391,1747
12/1/2014,8555.900391,18525.300781,1748
12/2/2014,8524.700195,18555.849609,1749
12/3/2014,8537.650391,18645.849609,1750
12/4/2014,8564.400391,18782.849609,1751
12/5/2014,8538.299805,18756.75,1752
12/8/2014,8438.25,18510.050781,1753
12/9/2014,8340.700195,18290.650391,1754
12/10/2014,8355.650391,18462.949219,1755
12/11/2014,8292.900391,18405,1756
12/12/2014,8224.099609,18299.75,1757
12/15/2014,8219.599609,18372.650391,1758
12/16/2014,8067.600098,17830.550781,1759
12/17/2014,8029.799805,17865.75,1760
12/18/2014,8159.299805,18326.599609,1761
12/19/2014,8225.200195,18478.900391,1762
12/22/2014,8324,18747.349609,1763
12/23/2014,8267,18603.75,1764
12/24/2014,8174.100098,18535.349609,1765
12/26/2014,8200.700195,18557.199219,1766
12/29/2014,8246.299805,18528.349609,1767
12/30/2014,8248.25,18647.550781,1768
12/31/2014,8282.700195,18736.650391,1769
1/2/2015,8395.450195,19057.800781,1770
1/5/2015,8378.400391,19017.400391,1771
1/6/2015,8127.350098,18430.75,1772
1/7/2015,8102.100098,18304.25,1773
1/8/2015,8234.599609,18701.400391,1774
1/9/2015,8284.5,18637.25,1775
1/12/2015,8323,18795.849609,1776
1/13/2015,8299.400391,18707.199219,1777
1/14/2015,8277.549805,18603.800781,1778
1/15/2015,8494.150391,19235.650391,1779
1/16/2015,8513.799805,19223.150391,1780
1/19/2015,8550.700195,19406.050781,1781
1/20/2015,8695.599609,19767.050781,1782
1/21/2015,8729.5,19843.25,1783
1/22/2015,8761.400391,19917.650391,1784
1/23/2015,8835.599609,20072.699219,1785
1/27/2015,8910.5,20555.25,1786
1/28/2015,8914.299805,20491.75,1787
1/29/2015,8952.349609,20528.599609,1788
1/30/2015,8808.900391,19843.75,1789
2/2/2015,8797.400391,19865.900391,1790
2/3/2015,8756.549805,19382.949219,1791
2/4/2015,8723.700195,19174,1792
2/5/2015,8711.700195,19051.900391,1793
2/9/2015,8526.349609,18403.849609,1794
2/10/2015,8565.549805,18752.5,1795
2/11/2015,8627.400391,18940.800781,1796
2/12/2015,8711.549805,19128.599609,1797
2/13/2015,8805.5,19369.699219,1798
2/16/2015,8809.349609,19189.949219,1799
2/18/2015,8869.099609,19296.5,1800
2/19/2015,8895.299805,19188.300781,1801
2/20/2015,8833.599609,19073.550781,1802
2/23/2015,8754.950195,18913.400391,1803
2/24/2015,8762.099609,18883.800781,1804
2/25/2015,8767.25,18733.050781,1805
2/26/2015,8683.849609,18538.099609,1806
2/27/2015,8844.599609,19074.550781,1807
3/2/2015,8956.75,20008.099609,1808
3/3/2015,8996.25,19961.199219,1809
3/4/2015,8922.650391,19643.900391,1810
3/5/2015,8937.75,19748,1811
3/9/2015,8756.75,19145.550781,1812
3/10/2015,8712.049805,19054.400391,1813
3/11/2015,8699.950195,19044,1814
3/12/2015,8776,19141.849609,1815
3/13/2015,8647.75,18779.800781,1816
3/16/2015,8633.150391,18837.349609,1817
3/17/2015,8723.299805,19058.25,1818
3/18/2015,8685.900391,19147.25,1819
3/19/2015,8634.650391,18811.150391,1820
3/20/2015,8570.900391,18606.349609,1821
3/23/2015,8550.900391,18449,1822
3/24/2015,8542.950195,18331.449219,1823
3/25/2015,8530.799805,18310.099609,1824
3/26/2015,8342.150391,17831.650391,1825
3/27/2015,8341.400391,18044.800781,1826
3/30/2015,8492.299805,18361.800781,1827
3/31/2015,8491,18206.650391,1828
4/6/2015,8659.900391,18605.449219,1829
4/7/2015,8660.299805,18469.300781,1830
4/8/2015,8714.400391,18416.599609,1831
4/9/2015,8778.299805,18875.849609,1832
4/16/2015,8706.700195,18637.050781,1833
4/20/2015,8448.099609,18112.75,1834
4/21/2015,8377.75,18105.75,1835
4/22/2015,8429.700195,18243.699219,1836
4/23/2015,8398.299805,18245.599609,1837
4/27/2015,8213.799805,17767.599609,1838
4/28/2015,8285.599609,18246.25,1839
4/29/2015,8239.75,18302.650391,1840
5/4/2015,8331.950195,18501.300781,1841
5/5/2015,8324.799805,18471.449219,1842
5/6/2015,8097,17799.550781,1843
5/7/2015,8057.299805,17376.900391,1844
5/11/2015,8325.25,18199.75,1845
5/12/2015,8126.950195,17628.650391,1846
5/13/2015,8235.450195,18097.449219,1847
5/14/2015,8224.200195,18116.199219,1848
5/18/2015,8373.650391,18422.949219,1849
5/19/2015,8365.650391,18380.400391,1850
5/20/2015,8423.25,18555.150391,1851
5/21/2015,8421,18513.150391,1852
5/25/2015,8370.25,18324.849609,1853
5/26/2015,8339.349609,18329.300781,1854
5/27/2015,8334.599609,18538.849609,1855
5/28/2015,8319,18449.199219,1856
5/29/2015,8433.650391,18721.349609,1857
6/1/2015,8433.400391,18617,1858
6/2/2015,8236.450195,17977.300781,1859
6/3/2015,8135.100098,17721.400391,1860
6/4/2015,8130.649902,17719.199219,1861
6/5/2015,8114.700195,17549.25,1862
6/8/2015,8044.149902,17432.599609,1863
6/9/2015,8022.399902,17489.900391,1864
6/10/2015,8124.450195,17707.25,1865
6/11/2015,7965.350098,17304.400391,1866
6/12/2015,7982.899902,17523.550781,1867
6/15/2015,8013.899902,17458.699219,1868
6/16/2015,8047.299805,17602.449219,1869
6/17/2015,8091.549805,17584.050781,1870
6/18/2015,8174.600098,17733.550781,1871
6/19/2015,8224.950195,17880.849609,1872
6/22/2015,8353.099609,18334.5,1873
6/23/2015,8381.549805,18391.349609,1874
6/24/2015,8360.849609,18365.550781,1875
6/25/2015,8398,18492.900391,1876
6/26/2015,8381.099609,18371.5,1877
6/29/2015,8318.400391,18241.25,1878
6/30/2015,8368.5,18296.099609,1879
7/1/2015,8453.049805,18581.599609,1880
7/2/2015,8444.900391,18585.550781,1881
7/6/2015,8522.150391,18825.150391,1882
7/7/2015,8510.799805,18798.5,1883
7/8/2015,8363.049805,18463.150391,1884
7/9/2015,8328.549805,18508.699219,1885
7/10/2015,8360.549805,18719.800781,1886
7/13/2015,8459.650391,18893.550781,1887
7/14/2015,8454.099609,18780.199219,1888
7/15/2015,8523.799805,18816.25,1889
7/16/2015,8608.049805,19168.050781,1890
7/17/2015,8609.849609,19094.699219,1891
7/20/2015,8603.450195,19032.699219,1892
7/21/2015,8529.450195,18723.400391,1893
7/22/2015,8633.5,18997,1894
7/23/2015,8589.799805,18865,1895
7/24/2015,8521.549805,18635.849609,1896
7/27/2015,8361,18213.050781,1897
7/28/2015,8337,18282.800781,1898
7/29/2015,8375.049805,18323.400391,1899
7/30/2015,8421.799805,18440.400391,1900
7/31/2015,8532.849609,18729.849609,1901
8/3/2015,8543.049805,18914.699219,1902
8/4/2015,8516.900391,18972.599609,1903
8/5/2015,8567.950195,18928.550781,1904
8/6/2015,8588.650391,19029.349609,1905
8/7/2015,8564.599609,18893.550781,1906
8/10/2015,8525.599609,18875,1907
8/11/2015,8462.349609,18616.900391,1908
8/12/2015,8349.450195,18059.75,1909
8/13/2015,8355.849609,18175.400391,1910
8/14/2015,8518.549805,18723.599609,1911
8/17/2015,8477.299805,18822.050781,1912
8/18/2015,8466.549805,18780.849609,1913
8/19/2015,8495.150391,18703.25,1914
8/20/2015,8372.75,18283.099609,1915
8/21/2015,8299.950195,18057.199219,1916
8/24/2015,7809,16811.800781,1917
8/25/2015,7880.700195,17192.75,1918
8/26/2015,7791.850098,16917.650391,1919
8/27/2015,7948.950195,17214.400391,1920
8/28/2015,8001.950195,17211.949219,1921
8/31/2015,7971.299805,17146.550781,1922
9/1/2015,7785.850098,16530.300781,1923
9/2/2015,7717,16252.700195,1924
9/3/2015,7823,16555.400391,1925
9/4/2015,7655.049805,16129.099609,1926
9/7/2015,7558.799805,15790.099609,1927
9/8/2015,7688.25,16350.950195,1928
9/9/2015,7818.600098,16631.5,1929
9/10/2015,7788.100098,16597.650391,1930
9/11/2015,7789.299805,16612.599609,1931
9/14/2015,7872.25,16911.800781,1932
9/15/2015,7829.100098,16739.550781,1933
9/18/2015,7981.899902,17409.150391,1934
9/21/2015,7977.100098,17542.900391,1935
9/22/2015,7812,17031.150391,1936
9/23/2015,7845.950195,17255.300781,1937
9/28/2015,7795.700195,17100.300781,1938
9/29/2015,7843.299805,17281.199219,1939
9/30/2015,7948.899902,17216.300781,1940
10/5/2015,8119.299805,17674.050781,1941
10/6/2015,8152.899902,17605.349609,1942
10/7/2015,8177.399902,17616.800781,1943
10/8/2015,8129.350098,17474.300781,1944
10/9/2015,8189.700195,17590.25,1945
10/12/2015,8143.600098,17583.150391,1946
10/13/2015,8131.700195,17554.849609,1947
10/14/2015,8107.899902,17543.25,1948
10/15/2015,8179.5,17686.099609,1949
10/16/2015,8238.150391,17912.849609,1950
10/19/2015,8275.049805,17855.050781,1951
10/20/2015,8261.650391,17830.25,1952
10/21/2015,8251.700195,17710.550781,1953
10/23/2015,8295.450195,17934.050781,1954
10/26/2015,8260.549805,17815.050781,1955
10/27/2015,8232.900391,17806.300781,1956
10/28/2015,8171.200195,17373.150391,1957
10/29/2015,8111.75,17212.199219,1958
10/30/2015,8065.799805,17354.5,1959
11/2/2015,8050.799805,17340.599609,1960
11/3/2015,8060.700195,17325.599609,1961
11/4/2015,8040.200195,17221.050781,1962
11/5/2015,7955.450195,16995.099609,1963
12/15/2015,7700.899902,16398.650391,1964
1/14/2016,7536.799805,15609.799805,1965
1/25/2016,7436.149902,15561.150391,1966
2/8/2016,7387.25,15046.799805,1967
2/19/2016,7210.75,14344.200195,1968
2/25/2016,6970.600098,13555.700195,1969
4/4/2016,7758.799805,16190.599609,1970
5/25/2016,7934.899902,16997.449219,1971
6/6/2016,8201.049805,17671.400391,1972
6/10/2016,8170.049805,17828.599609,1973
7/28/2016,8666.299805,19076.550781,1974
11/10/2016,8525.75,20200.25,1975
12/12/2016,8170.799805,18392.949219,1976
12/13/2016,8221.799805,18466.050781,1977
12/14/2016,8182.450195,18341.5,1978
12/15/2016,8153.600098,18401.150391,1979
12/16/2016,8139.450195,18312.800781,1980
12/19/2016,8104.350098,18257.050781,1981
12/20/2016,8082.399902,18069.400391,1982
12/21/2016,8061.299805,18084.5,1983
12/22/2016,7979.100098,17891.449219,1984
12/23/2016,7985.75,17884,1985
12/27/2016,8032.850098,17879.550781,1986
12/28/2016,8034.850098,17876.699219,1987
12/29/2016,8103.600098,18033.150391,1988
12/30/2016,8185.799805,18177.199219,1989
1/3/2017,8192.25,18035.599609,1990
1/4/2017,8190.5,17891,1991
1/5/2017,8273.799805,18115.949219,1992
1/6/2017,8243.799805,18264,1993
1/9/2017,8236.049805,18286.650391,1994
1/10/2017,8288.599609,18409.599609,1995
1/11/2017,8380.650391,18830,1996
1/12/2017,8407.200195,18873.949219,1997
1/13/2017,8400.349609,18912.099609,1998
1/16/2017,8412.799805,19096.449219,1999
1/17/2017,8398,19067.050781,2000
1/18/2017,8417,19164.5,2001
1/19/2017,8435.099609,19124.25,2002
1/20/2017,8349.349609,18820.800781,2003
1/23/2017,8391.5,18842.699219,2004
1/24/2017,8475.799805,19023.5,2005
1/25/2017,8602.75,19473.199219,2006
1/27/2017,8641.25,19708.300781,2007
1/30/2017,8632.75,19585.25,2008
1/31/2017,8561.299805,19515.150391,2009
2/1/2017,8716.400391,20020.599609,2010
2/2/2017,8734.25,20070.300781,2011
2/3/2017,8740.950195,20196.800781,2012
2/6/2017,8801.049805,20371.599609,2013
2/7/2017,8768.299805,20327.25,2014
2/8/2017,8769.049805,20245.400391,2015
2/9/2017,8778.400391,20151.150391,2016
2/10/2017,8793.549805,20213.900391,2017
2/13/2017,8805.049805,20251.800781,2018
2/14/2017,8792.299805,20258.099609,2019
2/15/2017,8724.700195,20163.699219,2020
2/16/2017,8778,20243.699219,2021
2/17/2017,8821.700195,20551.349609,2022
2/20/2017,8879.200195,20677.099609,2023
2/21/2017,8907.849609,20860.949219,2024
2/22/2017,8926.900391,20868.449219,2025
2/23/2017,8939.5,20876.650391,2026
2/27/2017,8896.700195,20613.050781,2027
2/28/2017,8879.599609,20607.25,2028
3/1/2017,8945.799805,20783.75,2029
3/2/2017,8899.75,20560.050781,2030
3/3/2017,8897.549805,20495.599609,2031
3/6/2017,8963.450195,20663.650391,2032
3/7/2017,8946.900391,20627.5,2033
3/8/2017,8924.299805,20676.550781,2034
3/9/2017,8927,20721.349609,2035
3/10/2017,8934.549805,20727.550781,2036
3/14/2017,9087,21102.699219,2037
3/15/2017,9084.799805,21157.900391,2038
3/16/2017,9153.700195,21249.900391,2039
3/17/2017,9160.049805,21175.050781,2040
3/20/2017,9126.849609,21110.25,2041
3/21/2017,9121.5,21019,2042
3/22/2017,9030.450195,20781.349609,2043
3/23/2017,9086.299805,20895.5,2044
3/24/2017,9108,21122.550781,2045
3/27/2017,9045.200195,21056.900391,2046
3/28/2017,9100.799805,21225.400391,2047
3/29/2017,9143.799805,21391.150391,2048
3/30/2017,9173.75,21620.699219,2049
3/31/2017,9173.75,21444.150391,2050
4/3/2017,9237.849609,21547.75,2051
4/5/2017,9265.150391,21652.699219,2052
4/6/2017,9261.950195,21622.949219,2053
4/7/2017,9198.299805,21431.150391,2054
4/10/2017,9181.450195,21520.150391,2055
4/11/2017,9237,21736.150391,2056
4/12/2017,9203.450195,21666.800781,2057
4/13/2017,9150.799805,21686.599609,2058
4/17/2017,9139.299805,21647.599609,2059
4/18/2017,9105.150391,21671.849609,2060
4/19/2017,9103.5,21556.349609,2061
4/20/2017,9136.400391,21491.400391,2062
4/21/2017,9119.400391,21551.449219,2063
4/24/2017,9217.950195,21857.400391,2064
4/25/2017,9306.599609,22054.699219,2065
4/26/2017,9351.849609,22242.849609,2066
4/27/2017,9342.150391,22326.300781,2067
4/28/2017,9304.049805,22358.25,2068
5/2/2017,9313.799805,22341.349609,2069
5/3/2017,9311.950195,22307.300781,2070
5/4/2017,9359.900391,22720.099609,2071
5/5/2017,9285.299805,22604.949219,2072
5/8/2017,9314.049805,22767.349609,2073
5/9/2017,9316.849609,22707.300781,2074
5/10/2017,9407.299805,22830.349609,2075
5/11/2017,9422.400391,22818.449219,2076
5/12/2017,9400.900391,22671.699219,2077
5/15/2017,9445.400391,22821.5,2078
5/16/2017,9512.25,22928.599609,2079
5/17/2017,9525.75,22935.949219,2080
5/18/2017,9429.450195,22698.599609,2081
5/19/2017,9427.900391,22769.800781,2082
5/22/2017,9438.25,22652.849609,2083
5/23/2017,9386.150391,22582.800781,2084
5/24/2017,9360.549805,22536.300781,2085
5/25/2017,9509.75,23190.800781,2086
5/26/2017,9595.099609,23362.199219,2087
5/29/2017,9604.900391,23182.75,2088
5/30/2017,9624.549805,23307.25,2089
5/31/2017,9621.25,23424.800781,2090
6/1/2017,9616.099609,23310.150391,2091
6/2/2017,9653.5,23375.900391,2092
6/5/2017,9675.099609,23459.650391,2093
6/6/2017,9637.150391,23416.300781,2094
6/7/2017,9663.900391,23567.650391,2095
6/8/2017,9647.25,23536.099609,2096
6/9/2017,9668.25,23690.900391,2097
6/12/2017,9616.400391,23470.449219,2098
6/13/2017,9606.900391,23477.849609,2099
6/14/2017,9618.150391,23498.699219,2100
6/15/2017,9578.049805,23391.75,2101
6/16/2017,9588.049805,23502.75,2102
6/19/2017,9657.549805,23742.150391,2103
6/20/2017,9653.5,23697.949219,2104
6/21/2017,9633.599609,23708.75,2105
6/22/2017,9630,23736.099609,2106
6/23/2017,9574.950195,23542.75,2107
6/27/2017,9511.400391,23216.25,2108
6/28/2017,9491.25,23235.849609,2109
6/29/2017,9504.099609,23227.300781,2110
6/30/2017,9520.900391,23211.199219,2111
7/3/2017,9615,23272.800781,2112
7/4/2017,9613.299805,23214.199219,2113
7/5/2017,9637.599609,23352.599609,2114
7/6/2017,9674.549805,23466.650391,2115
7/7/2017,9665.799805,23449.150391,2116
7/10/2017,9771.049805,23675.050781,2117
7/11/2017,9786.049805,23584.599609,2118
7/12/2017,9816.099609,23695.449219,2119
7/13/2017,9891.700195,23888.650391,2120
7/14/2017,9886.349609,23937.699219,2121
7/17/2017,9915.950195,24015.050781,2122
7/18/2017,9827.150391,24022.050781,2123
7/19/2017,9899.599609,24152.650391,2124
7/20/2017,9873.299805,24213.349609,2125
7/21/2017,9915.25,24257.050781,2126
7/24/2017,9966.400391,24420.849609,2127
7/25/2017,9964.549805,24520.699219,2128
7/26/2017,10020.65039,24670.699219,2129
7/27/2017,10020.54981,24922.400391,2130
7/28/2017,10014.5,24811.300781,2131
7/31/2017,10077.09961,25103.650391,2132
8/1/2017,10114.65039,25122.800781,2133
8/2/2017,10081.5,25055.199219,2134
8/3/2017,10013.65039,24675.050781,2135
8/4/2017,10066.40039,24827.449219,2136
8/7/2017,10057.40039,24906.349609,2137
8/8/2017,9978.549805,24599.5,2138
8/9/2017,9908.049805,24374.599609,2139
8/10/2017,9820.25,24217.349609,2140
8/11/2017,9710.799805,23985.75,2141
8/14/2017,9794.150391,24115.75,2142
8/16/2017,9897.299805,24437.699219,2143
8/17/2017,9904.150391,24237.25,2144
8/18/2017,9837.400391,24074.449219,2145
8/21/2017,9754.349609,23936.5,2146
8/22/2017,9765.549805,23974.449219,2147
8/23/2017,9852.5,24316.800781,2148
8/24/2017,9857.049805,24274.199219,2149
8/28/2017,9912.799805,24377.099609,2150
8/29/2017,9796.049805,24128.949219,2151
8/30/2017,9884.400391,24308.699219,2152
8/31/2017,9917.900391,24318.400391,2153
9/1/2017,9974.400391,24434,2154
9/5/2017,9952.200195,24328.300781,2155
9/6/2017,9916.200195,24279.150391,2156
9/7/2017,9929.900391,24304.900391,2157
9/8/2017,9934.799805,24370.800781,2158
9/11/2017,10006.04981,24672.25,2159
9/12/2017,10093.04981,24784.699219,2160
9/13/2017,10079.29981,24831.800781,2161
9/14/2017,10086.59961,24912.25,2162
9/15/2017,10085.40039,24844.300781,2163
9/18/2017,10153.09961,25046.900391,2164
9/19/2017,10147.54981,25041.550781,2165
9/20/2017,10141.15039,24965.050781,2166
9/21/2017,10121.90039,24799.25,2167
9/22/2017,9964.400391,24368.849609,2168
9/25/2017,9872.599609,24165.050781,2169
9/26/2017,9871.5,24199.150391,2170
9/27/2017,9735.75,23812.949219,2171
9/28/2017,9768.950195,24008.150391,2172
9/29/2017,9788.599609,24053,2173
10/3/2017,9859.5,24103.400391,2174
10/4/2017,9914.900391,24113.300781,2175
10/5/2017,9888.700195,24058.050781,2176
10/6/2017,9979.700195,24190,2177
10/9/2017,9988.75,24251.900391,2178
10/10/2017,10016.9502,24347.449219,2179
10/11/2017,9984.799805,24107.449219,2180
10/12/2017,10096.40039,24361.25,2181
10/13/2017,10167.4502,24689.150391,2182
10/16/2017,10230.84961,24703.050781,2183
10/17/2017,10234.4502,24645.599609,2184
10/18/2017,10210.84961,24313.75,2185
10/19/2017,10146.54981,24009.75,2186
10/23/2017,10184.84961,24088.900391,2187
10/24/2017,10207.7002,24222.150391,2188
10/25/2017,10295.34961,25035.900391,2189
10/26/2017,10343.79981,25022.199219,2190
10/27/2017,10323.04981,24839.550781,2191
10/30/2017,10363.65039,24988.550781,2192
10/31/2017,10335.29981,25019.349609,2193
11/1/2017,10440.5,25490.449219,2194
11/2/2017,10423.79981,25427.300781,2195
11/3/2017,10452.5,25650.699219,2196
11/6/2017,10451.79981,25571.150391,2197
11/7/2017,10350.15039,25300.800781,2198
11/8/2017,10303.15039,25184.349609,2199
11/9/2017,10308.9502,25291.349609,2200
11/10/2017,10321.75,25498.949219,2201
11/13/2017,10224.9502,25358.300781,2202
11/14/2017,10186.59961,25284.599609,2203
11/15/2017,10118.04981,25218.900391,2204
11/16/2017,10214.75,25446.599609,2205
11/17/2017,10283.59961,25728.400391,2206
11/20/2017,10298.75,25768.599609,2207
11/21/2017,10326.90039,25757.5,2208
11/22/2017,10342.29981,25766.650391,2209
11/23/2017,10348.75,25736.25,2210
11/24/2017,10389.7002,25779.650391,2211
11/27/2017,10399.54981,25891.949219,2212
11/28/2017,10370.25,25846.400391,2213
11/29/2017,10361.29981,25795.699219,2214
11/30/2017,10226.54981,25332.400391,2215
12/1/2017,10121.79981,25191.949219,2216
12/4/2017,10127.75,25075.099609,2217
12/5/2017,10118.25,25124.849609,2218
12/6/2017,10044.09961,24851.800781,2219
12/7/2017,10166.7002,25057.25,2220
12/8/2017,10265.65039,25321.150391,2221
12/11/2017,10322.25,25404.849609,2222
12/12/2017,10240.15039,25125.449219,2223
12/13/2017,10192.9502,25000.349609,2224
12/14/2017,10252.09961,25168.199219,2225
12/15/2017,10333.25,25440.300781,2226
12/18/2017,10388.75,25594.550781,2227
12/19/2017,10463.2002,25716.199219,2228
12/20/2017,10444.2002,25591.699219,2229
12/21/2017,10440.29981,25554.300781,2230
12/22/2017,10493,25648.550781,2231
12/26/2017,10531.5,25675.25,2232
12/27/2017,10490.75,25496.050781,2233
12/28/2017,10477.90039,25490,2234
12/29/2017,10530.7002,25539.449219,2235
1/2/2018,10442.2002,25338.25,2236
1/3/2018,10443.2002,25318.599609,2237
1/4/2018,10504.79981,25462.599609,2238
1/5/2018,10558.84961,25601.849609,2239
1/8/2018,10623.59961,25676.099609,2240
1/9/2018,10637,25703.800781,2241
1/10/2018,10632.2002,25617.300781,2242
1/11/2018,10651.2002,25660.900391,2243
1/12/2018,10681.25,25749.050781,2244
1/15/2018,10741.54981,26069.199219,2245
1/16/2018,10700.4502,25974.900391,2246
1/17/2018,10788.54981,26289.099609,2247
1/18/2018,10817,26537.400391,2248
1/19/2018,10894.7002,26909.5,2249
1/22/2018,10966.2002,27041.199219,2250
1/23/2018,11083.7002,27390.599609,2251
1/24/2018,11086,27398.550781,2252
1/25/2018,11069.65039,27445.650391,2253
1/29/2018,11130.40039,27498.449219,2254
1/30/2018,11049.65039,27269.050781,2255
1/31/2018,11027.7002,27379.449219,2256
2/1/2018,11016.90039,27220.699219,2257
2/2/2018,10760.59961,26451.150391,2258
2/5/2018,10666.54981,26098.75,2259
2/6/2018,10498.25,25811.300781,2260
2/7/2018,10476.7002,25670,2261
2/8/2018,10576.84961,25920.650391,2262
2/9/2018,10454.9502,25463.650391,2263
2/12/2018,10539.75,25701.599609,2264
2/14/2018,10500.90039,25341.25,2265
2/15/2018,10545.5,25424.349609,2266
2/16/2018,10452.29981,25163.900391,2267
2/19/2018,10378.40039,25058.550781,2268
2/20/2018,10360.40039,24874.400391,2269
2/21/2018,10397.4502,24936.699219,2270
2/22/2018,10382.7002,24955.199219,2271
2/23/2018,10491.04981,25302.5,2272
2/26/2018,10582.59961,25687.900391,2273
2/27/2018,10554.29981,25383.599609,2274
2/28/2018,10492.84961,25107.400391,2275
3/1/2018,10458.34961,24902.550781,2276
3/5/2018,10358.84961,24818.699219,2277
3/6/2018,10249.25,24448.449219,2278
3/7/2018,10154.2002,24134.099609,2279
3/8/2018,10242.65039,24477.650391,2280
3/9/2018,10226.84961,24296.449219,2281
3/12/2018,10421.40039,24664.199219,2282
3/13/2018,10426.84961,24738.650391,2283
3/14/2018,10410.90039,24851.650391,2284
3/15/2018,10360.15039,24791.849609,2285
3/16/2018,10195.15039,24489.550781,2286
3/19/2018,10094.25,24245.099609,2287
3/20/2018,10124.34961,24168.199219,2288
3/21/2018,10155.25,24255.599609,2289
3/22/2018,10114.75,24141.5,2290
3/23/2018,9998.049805,23670.400391,2291
3/26/2018,10130.65039,24244.349609,2292
3/27/2018,10184.15039,24434.150391,2293
3/28/2018,10113.7002,24263.349609,2294
4/2/2018,10211.79981,24328.5,2295
4/3/2018,10245,24510.599609,2296
4/4/2018,10128.40039,24129.5,2297
4/5/2018,10325.15039,24759.800781,2298
4/6/2018,10331.59961,24873.150391,2299
4/9/2018,10379.34961,25093.800781,2300
4/10/2018,10402.25,25226.800781,2301
4/11/2018,10417.15039,25098.25,2302
4/12/2018,10458.65039,25195.099609,2303
4/13/2018,10480.59961,25200.599609,2304
4/16/2018,10528.34961,25320.849609,2305
4/17/2018,10548.7002,25334.449219,2306
4/18/2018,10526.2002,25102.300781,2307
4/19/2018,10565.29981,25126.150391,2308
4/20/2018,10564.04981,24943.849609,2309
4/23/2018,10584.7002,24960.650391,2310
4/24/2018,10614.34961,25042.099609,2311
4/25/2018,10570.54981,24814.400391,2312
4/26/2018,10617.79981,25010.900391,2313
4/27/2018,10692.29981,25394.599609,2314
4/30/2018,10739.34961,25531.599609,2315
5/2/2018,10718.04981,25568.300781,2316
5/3/2018,10679.65039,25605.25,2317
5/4/2018,10618.25,25645.400391,2318
5/7/2018,10715.5,25852.050781,2319
5/8/2018,10717.79981,26090.5,2320
5/9/2018,10741.7002,26154.449219,2321
5/10/2018,10716.54981,26131,2322
5/11/2018,10806.5,26413.150391,2323
5/14/2018,10806.59961,26475.150391,2324
5/15/2018,10801.84961,26474,2325
5/16/2018,10741.09961,26182.150391,2326
5/17/2018,10682.7002,26073.800781,2327
5/18/2018,10596.40039,25875.599609,2328
5/21/2018,10516.7002,25750.800781,2329
5/22/2018,10536.7002,25777.699219,2330
5/23/2018,10430.34961,25684.949219,2331
5/24/2018,10513.84961,26016.800781,2332
5/25/2018,10605.15039,26273.550781,2333
5/28/2018,10688.65039,26614.25,2334
5/29/2018,10633.29981,26254.800781,2335
5/30/2018,10614.34961,26327.800781,2336
5/31/2018,10736.15039,26956.199219,2337
6/1/2018,10696.2002,26692.800781,2338
6/4/2018,10628.5,26257.550781,2339
6/5/2018,10593.15039,26251,2340
6/6/2018,10684.65039,26367.599609,2341
6/7/2018,10768.34961,26517.800781,2342
6/8/2018,10767.65039,26451.349609,2343
6/11/2018,10786.9502,26453.550781,2344
6/12/2018,10842.84961,26607.099609,2345
6/13/2018,10856.7002,26642.800781,2346
6/14/2018,10808.04981,26562.25,2347
6/15/2018,10817.7002,26417.400391,2348
6/18/2018,10799.84961,26409.300781,2349
6/19/2018,10710.4502,26265.75,2350
6/20/2018,10772.04981,26557.699219,2351
6/21/2018,10741.09961,26496.949219,2352
6/22/2018,10821.84961,26766.849609,2353
6/25/2018,10762.4502,26609.699219,2354
6/26/2018,10769.15039,26601.699219,2355
6/27/2018,10671.40039,26423.400391,2356
6/28/2018,10589.09961,26324.599609,2357
6/29/2018,10714.29981,26364.199219,2358
7/2/2018,10657.29981,26230.300781,2359
7/3/2018,10699.90039,26204.099609,2360
7/4/2018,10769.90039,26433.949219,2361
7/5/2018,10749.75,26503.300781,2362
7/6/2018,10772.65039,26493.849609,2363
7/9/2018,10852.90039,26753.300781,2364
7/10/2018,10947.25,26894.550781,2365
7/11/2018,10948.29981,26816.199219,2366
7/12/2018,11023.2002,27026.550781,2367
7/13/2018,11018.90039,26935.949219,2368
7/16/2018,10936.84961,26679.800781,2369
7/17/2018,11008.04981,27008.099609,2370
7/18/2018,10980.4502,26880.900391,2371
7/19/2018,10957.09961,26789.650391,2372
7/20/2018,11010.2002,26873.199219,2373
7/23/2018,11084.75,27008.150391,2374
7/24/2018,11134.29981,26974.400391,2375
7/25/2018,11132,27031.300781,2376
7/26/2018,11167.29981,27406.400391,2377
7/27/2018,11278.34961,27634.400391,2378
7/30/2018,11319.54981,27842.599609,2379
7/31/2018,11356.5,27764.150391,2380
8/1/2018,11346.2002,27596.599609,2381
8/2/2018,11244.7002,27355.949219,2382
8/3/2018,11360.79981,27695.5,2383
8/6/2018,11387.09961,27898.5,2384
8/7/2018,11389.4502,27875.900391,2385
8/8/2018,11450,28062.449219,2386
8/9/2018,11470.7002,28320,2387
8/10/2018,11429.5,28124.25,2388
8/13/2018,11355.75,27794.400391,2389
8/14/2018,11435.09961,28021.699219,2390
8/16/2018,11385.04981,27826.550781,2391
8/17/2018,11470.75,28128.550781,2392
8/20/2018,11551.75,28274.25,2393
8/21/2018,11570.90039,28257.900391,2394
8/23/2018,11582.75,28027.900391,2395
8/24/2018,11557.09961,27834.699219,2396
8/27/2018,11691.9502,28264.199219,2397
8/28/2018,11738.5,28269.650391,2398
8/29/2018,11691.90039,28224.099609,2399
8/30/2018,11676.79981,28103.25,2400
8/31/2018,11680.5,28061.75,2401
9/3/2018,11582.34961,27819.5,2402
9/4/2018,11520.29981,27430.75,2403
9/5/2018,11476.9502,27376.050781,2404
9/6/2018,11536.90039,27468.699219,2405
9/7/2018,11589.09961,27481.449219,2406
9/10/2018,11438.09961,27201.75,2407
9/11/2018,11287.5,26807.5,2408
9/12/2018,11369.90039,26819.199219,2409
9/14/2018,11515.2002,27163.849609,2410
9/17/2018,11377.75,26820.300781,2411
9/18/2018,11278.90039,26441.449219,2412
9/19/2018,11234.34961,26277.349609,2413
9/21/2018,11143.09961,25596.900391,2414
9/24/2018,10967.40039,24970.349609,2415
9/25/2018,11067.4502,25330.349609,2416
9/26/2018,11053.79981,25376.300781,2417
9/27/2018,10977.54981,25042.150391,2418
9/28/2018,10930.4502,25119.849609,2419
10/1/2018,11008.29981,25367,2420
10/3/2018,10858.25,25069.900391,2421
10/4/2018,10599.25,24819.300781,2422
10/5/2018,10316.4502,24443.449219,2423
10/8/2018,10348.04981,24618.349609,2424
10/9/2018,10301.04981,24527.650391,2425
10/10/2018,10460.09961,25321.699219,2426
10/11/2018,10234.65039,24783.949219,2427
10/12/2018,10472.5,25395.849609,2428
10/15/2018,10512.5,25388.050781,2429
10/16/2018,10584.75,25589.650391,2430
10/17/2018,10453.04981,25188.599609,2431
10/19/2018,10303.54981,25085.800781,2432
10/22/2018,10245.25,25078.599609,2433
10/23/2018,10146.79981,24972.449219,2434
10/24/2018,10224.75,25064.199219,2435
10/25/2018,10124.90039,24817.449219,2436
10/26/2018,10030,24421.050781,2437
10/29/2018,10250.84961,24959.699219,2438
10/30/2018,10198.40039,24807.75,2439
10/31/2018,10386.59961,25153.25,2440
11/1/2018,10380.4502,25323.650391,2441
11/2/2018,10553,25701.650391,2442
11/5/2018,10524,25732.199219,2443
11/6/2018,10530,25598,2444
11/7/2018,10598.40039,25737.5,2445
11/9/2018,10585.2002,25771,2446
11/12/2018,10482.2002,25539.75,2447
11/13/2018,10582.5,25768.599609,2448
11/14/2018,10576.29981,25930.150391,2449
11/15/2018,10616.7002,26154.75,2450
11/16/2018,10682.2002,26245.550781,2451
11/19/2018,10763.40039,26300.699219,2452
11/20/2018,10656.2002,26113.349609,2453
11/21/2018,10600.04981,26262.050781,2454
11/22/2018,10526.75,25999.449219,2455
11/26/2018,10628.59961,26365.599609,2456
11/27/2018,10685.59961,26443.099609,2457
11/28/2018,10728.84961,26457.949219,2458
11/29/2018,10858.7002,26939.599609,2459
11/30/2018,10876.75,26862.949219,2460
12/3/2018,10883.75,26857.550781,2461
12/4/2018,10869.5,26693.800781,2462
12/5/2018,10782.90039,26519.599609,2463
12/6/2018,10601.15039,26198.300781,2464
12/7/2018,10693.7002,26594.300781,2465
12/10/2018,10488.4502,26102.650391,2466
12/11/2018,10549.15039,26163.400391,2467
12/12/2018,10737.59961,26643.849609,2468
12/13/2018,10791.54981,26816.349609,2469
12/14/2018,10805.4502,26826,2470
12/17/2018,10888.34961,27015.800781,2471
12/18/2018,10908.7002,27174.699219,2472
12/19/2018,10967.29981,27298.400391,2473
12/20/2018,10951.7002,27275.099609,2474
12/21/2018,10754,26869.650391,2475
12/24/2018,10663.5,26714.75,2476
12/26/2018,10729.84961,26986.800781,2477
12/27/2018,10779.79981,26878.550781,2478
12/28/2018,10859.90039,27125.25,2479
